Date,Course,CourseName,MeanTemperature,MaxTemperature,MinTemperature
2010/01/01,ST,ShaTin,16.6,19.4,15.3
2010/01/06,HV,HappyValley,15.6,16.7,14.2
2010/01/10,ST,ShaTin,17.8,20.0,16.0
2010/01/13,HV,HappyValley,12.6,16.4,8.3
2010/01/16,ST,ShaTin,16.4,22.0,12.6
2010/01/20,HV,HappyValley,21.6,23.3,19.0
2010/01/24,ST,ShaTin,15.0,17.7,12.4
2010/01/27,HV,HappyValley,16.5,19.1,14.9
2010/01/31,ST,ShaTin,21.9,27.4,18.3
2010/02/03,HV,HappyValley,17.8,20.0,16.5
2010/02/07,ST,ShaTin,17.8,19.0,17.0
2010/02/10,HV,HappyValley,23.5,24.7,22.6
2010/02/16,ST,ShaTin,9.0,9.8,7.6
2010/02/21,ST,ShaTin,16.6,19.2,13.9
2010/02/24,HV,HappyValley,22.3,23.5,20.8
2010/02/28,ST,ShaTin,23.9,26.9,21.7
2010/03/03,HV,HappyValley,25.1,27.3,23.9
2010/03/06,ST,ShaTin,26.1,27.6,24.8
2010/03/10,HV,HappyValley,11.8,16.0,8.1
2010/03/14,ST,ShaTin,21.2,23.3,19.7
2010/03/17,HV,HappyValley,19.1,21.5,16.9
2010/03/21,ST,ShaTin,21.8,28.4,17.9
2010/03/24,ST,ShaTin,24.6,28.5,21.4
2010/03/28,ST,ShaTin,19.4,24.8,14.5
2010/03/31,HV,HappyValley,22.0,26.1,20.0
2010/04/04,ST,ShaTin,19.2,20.8,17.7
2010/04/07,HV,HappyValley,19.3,22.8,17.4
2010/04/10,ST,ShaTin,20.3,21.7,19.1
2010/04/18,HV,HappyValley,19.3,20.9,17.8
2010/04/21,HV,HappyValley,25.9,27.5,25.0
2010/04/25,ST,ShaTin,20.3,21.9,19.1
2010/04/28,HV,HappyValley,23.2,27.3,20.7
2010/05/01,ST,ShaTin,23.6,27.9,19.9
2010/05/05,ST,ShaTin,26.7,29.2,23.9
2010/05/08,ST,ShaTin,26.3,29.3,24.8
2010/05/12,HV,HappyValley,24.0,26.3,23.1
2010/05/16,ST,ShaTin,24.8,28.7,23.2
2010/05/19,HV,HappyValley,25.8,29.3,22.4
2010/05/23,ST,ShaTin,26.8,28.7,22.9
2010/05/26,HV,HappyValley,26.5,29.9,23.5
2010/05/30,ST,ShaTin,26.2,29.0,25.3
2010/06/02,HV,HappyValley,22.3,24.0,21.1
2010/06/06,ST,ShaTin,25.5,28.3,23.8
2010/06/09,HV,HappyValley,26.2,28.4,25.2
2010/06/12,ST,ShaTin,28.5,32.0,26.4
2010/06/16,ST,ShaTin,29.5,30.6,28.1
2010/06/20,HV,HappyValley,29.7,31.7,28.8
2010/06/27,ST,ShaTin,26.0,27.0,25.1
2010/07/01,ST,ShaTin,29.7,33.8,25.7
2010/07/04,ST,ShaTin,30.7,33.4,29.2
2010/07/07,HV,HappyValley,30.5,33.7,29.4
2010/07/11,ST,ShaTin,30.2,33.3,25.2
2010/07/14,HV,HappyValley,30.7,34.7,28.4
2010/09/05,ST,ShaTin,28.9,32.5,26.5
2010/09/08,HV,HappyValley,31.0,35.6,26.1
2010/09/12,ST,ShaTin,26.2,30.5,24.5
2010/09/15,HV,HappyValley,28.5,31.9,25.6
2010/09/18,ST,ShaTin,30.2,35.1,26.4
2010/09/23,HV,HappyValley,27.9,31.4,25.3
2010/09/26,ST,ShaTin,28.0,31.5,25.9
2010/10/01,ST,ShaTin,27.9,30.6,26.4
2010/10/06,HV,HappyValley,24.9,26.6,22.8
2010/10/10,ST,ShaTin,25.7,26.7,24.8
2010/10/13,HV,HappyValley,28.1,32.4,26.1
2010/10/17,ST,ShaTin,26.8,29.7,24.7
2010/10/20,HV,HappyValley,27.6,30.5,25.6
2010/10/24,ST,ShaTin,25.6,28.9,21.7
2010/10/31,HV,HappyValley,20.1,25.7,16.9
2010/11/03,ST,ShaTin,21.4,24.9,19.1
2010/11/06,ST,ShaTin,18.9,20.4,17.4
2010/11/10,HV,HappyValley,21.4,25.4,18.8
2010/11/14,ST,ShaTin,23.3,26.9,21.4
2010/11/17,HV,HappyValley,21.3,24.7,18.9
2010/11/21,ST,ShaTin,21.5,25.7,18.5
2010/11/24,HV,HappyValley,21.1,24.5,19.5
2010/11/28,ST,ShaTin,21.4,25.6,18.5
2010/12/01,HV,HappyValley,20.6,23.3,17.8
2010/12/04,ST,ShaTin,21.0,24.0,18.4
2010/12/08,HV,HappyValley,17.8,22.6,14.8
2010/12/12,ST,ShaTin,20.2,21.6,18.8
2010/12/15,HV,HappyValley,17.5,19.5,11.5
2010/12/19,ST,ShaTin,18.3,23.6,14.7
2010/12/23,HV,HappyValley,18.1,22.8,14.9
2010/12/27,ST,ShaTin,11.9,18.3,5.9
2011/01/01,ST,ShaTin,14.4,18.3,9.5
2011/01/05,HV,HappyValley,16.0,18.9,13.8
2011/01/09,ST,ShaTin,13.4,18.5,8.2
2011/01/12,HV,HappyValley,8.9,10.4,7.2
2011/01/16,ST,ShaTin,10.6,13.5,8.4
2011/01/19,HV,HappyValley,15.5,18.5,13.0
2011/01/23,ST,ShaTin,15.3,19.7,11.0
2011/01/26,HV,HappyValley,15.2,19.4,11.1
2011/01/30,ST,ShaTin,11.8,15.8,7.9
2011/02/05,ST,ShaTin,16.3,23.2,10.6
2011/02/09,HV,HappyValley,20.3,24.4,16.1
2011/02/12,ST,ShaTin,13.4,15.3,11.8
2011/02/16,HV,HappyValley,13.4,15.3,11.2
2011/02/20,ST,ShaTin,13.8,15.6,12.0
2011/02/23,HV,HappyValley,18.0,22.4,15.4
2011/02/27,ST,ShaTin,20.2,25.6,16.9
2011/03/02,HV,HappyValley,18.3,22.6,16.6
2011/03/06,ST,ShaTin,19.2,21.3,17.4
2011/03/09,HV,HappyValley,16.2,17.9,13.1
2011/03/12,ST,ShaTin,18.7,22.6,16.1
2011/03/16,HV,HappyValley,16.0,18.8,13.3
2011/03/20,ST,ShaTin,20.2,22.9,18.1
2011/03/23,ST,ShaTin,15.2,17.1,13.8
2011/03/27,ST,ShaTin,14.5,16.3,13.7
2011/03/30,HV,HappyValley,18.4,20.9,16.9
2011/04/03,ST,ShaTin,22.2,27.8,16.8
2011/04/06,HV,HappyValley,19.4,23.2,17.4
2011/04/09,ST,ShaTin,22.4,27.1,19.3
2011/04/13,ST,ShaTin,23.1,28.7,19.8
2011/04/17,HV,HappyValley,25.1,27.2,23.2
2011/04/20,HV,HappyValley,21.7,24.1,20.4
2011/04/25,ST,ShaTin,23.0,29.3,16.5
2011/05/01,ST,ShaTin,26.0,29.1,23.2
2011/05/04,HV,HappyValley,25.7,28.6,23.6
2011/05/07,ST,ShaTin,27.0,30.0,24.5
2011/05/10,ST,ShaTin,28.6,32.5,25.4
2011/05/15,ST,ShaTin,24.3,25.1,23.6
2011/05/18,HV,HappyValley,25.1,28.8,22.4
2011/05/21,ST,ShaTin,25.9,29.0,23.9
2011/05/25,HV,HappyValley,23.5,25.6,21.2
2011/05/29,ST,ShaTin,25.8,28.7,22.9
2011/06/01,HV,HappyValley,29.5,33.1,26.7
2011/06/05,ST,ShaTin,29.8,33.0,27.4
2011/06/08,HV,HappyValley,29.4,31.5,28.0
2011/06/11,ST,ShaTin,28.6,32.7,25.2
2011/06/15,HV,HappyValley,29.7,31.8,28.1
2011/06/19,ST,ShaTin,29.5,32.4,27.3
2011/06/22,HV,HappyValley,27.4,28.6,25.7
2011/06/26,ST,ShaTin,28.8,30.2,27.2
2011/07/01,ST,ShaTin,28.2,30.8,26.3
2011/07/06,HV,HappyValley,30.1,34.2,27.9
2011/07/10,ST,ShaTin,30.0,33.2,27.1
2011/09/11,ST,ShaTin,28.9,31.3,25.8
2011/09/14,HV,HappyValley,29.8,33.7,26.8
2011/09/18,ST,ShaTin,28.8,31.1,27.7
2011/09/21,HV,HappyValley,26.6,29.4,23.3
2011/09/25,ST,ShaTin,24.9,26.3,23.1
2011/09/28,HV,HappyValley,29.3,33.3,25.3
2011/10/01,ST,ShaTin,26.7,27.8,25.9
2011/10/06,HV,HappyValley,25.5,28.6,23.8
2011/10/09,ST,ShaTin,26.7,30.7,24.1
2011/10/12,HV,HappyValley,25.4,26.3,23.9
2011/10/16,ST,ShaTin,25.0,29.4,21.4
2011/10/19,ST,ShaTin,23.7,26.7,21.4
2011/10/23,HV,HappyValley,25.0,27.5,23.3
2011/10/26,HV,HappyValley,23.2,26.3,21.4
2011/10/30,ST,ShaTin,24.1,26.8,22.0
2011/11/05,ST,ShaTin,26.3,29.7,23.4
2011/11/09,HV,HappyValley,20.6,22.4,19.2
2011/11/13,ST,ShaTin,22.5,27.2,17.7
2011/11/16,HV,HappyValley,23.7,26.2,21.9
2011/11/20,ST,ShaTin,22.6,24.7,20.7
2011/11/23,HV,HappyValley,22.8,25.9,20.4
2011/11/27,ST,ShaTin,20.5,26.1,16.2
2011/11/30,HV,HappyValley,23.6,28.1,20.9
2011/12/04,ST,ShaTin,16.6,21.1,10.2
2011/12/07,HV,HappyValley,23.3,26.6,20.4
2011/12/11,ST,ShaTin,12.2,16.6,8.1
2011/12/14,HV,HappyValley,19.8,22.3,17.5
2011/12/17,ST,ShaTin,15.0,17.8,13.1
2011/12/21,HV,HappyValley,19.8,23.7,17.5
2011/12/27,ST,ShaTin,16.1,19.1,13.5
2012/01/01,ST,ShaTin,16.6,20.7,13.1
2012/01/04,HV,HappyValley,13.9,16.3,12.2
2012/01/08,ST,ShaTin,15.2,19.3,12.4
2012/01/11,HV,HappyValley,16.7,19.4,15.3
2012/01/15,ST,ShaTin,16.2,17.7,14.7
2012/01/18,HV,HappyValley,18.4,22.5,15.5
2012/01/21,ST,ShaTin,15.7,16.4,15.2
2012/01/25,ST,ShaTin,6.8,8.3,5.7
2012/01/29,ST,ShaTin,15.5,16.6,12.7
2012/02/01,HV,HappyValley,15.6,19.3,12.5
2012/02/05,ST,ShaTin,17.3,19.3,15.3
2012/02/08,HV,HappyValley,12.5,13.7,11.5
2012/02/11,ST,ShaTin,12.1,15.1,9.5
2012/02/15,HV,HappyValley,19.5,22.4,16.2
2012/02/19,ST,ShaTin,13.3,18.0,11.5
2012/02/22,HV,HappyValley,19.4,21.3,17.9
2012/02/26,ST,ShaTin,12.1,13.4,10.5
2012/02/29,HV,HappyValley,14.9,16.7,13.9
2012/03/04,ST,ShaTin,18.6,20.4,16.8
2012/03/07,HV,HappyValley,19.9,23.8,17.6
2012/03/10,ST,ShaTin,12.6,14.1,11.0
2012/03/14,HV,HappyValley,16.8,19.6,14.8
2012/03/18,ST,ShaTin,22.8,30.0,17.8
2012/03/21,ST,ShaTin,17.8,19.2,17.2
2012/03/25,ST,ShaTin,17.2,22.5,12.9
2012/03/28,HV,HappyValley,21.3,24.2,19.2
2012/04/01,ST,ShaTin,19.9,22.3,17.7
2012/04/09,ST,ShaTin,22.4,26.6,19.8
2012/04/15,HV,HappyValley,26.8,29.2,25.6
2012/04/18,HV,HappyValley,22.4,24.3,21.1
2012/04/21,ST,ShaTin,23.2,27.4,20.4
2012/04/25,HV,HappyValley,27.3,29.0,24.0
2012/04/29,ST,ShaTin,27.2,30.3,22.6
2012/05/02,HV,HappyValley,28.6,30.5,27.5
2012/05/06,ST,ShaTin,25.7,28.7,24.1
2012/05/09,HV,HappyValley,29.9,33.9,27.8
2012/05/12,ST,ShaTin,26.1,28.4,24.3
2012/05/16,ST,ShaTin,26.8,28.5,25.5
2012/05/19,ST,ShaTin,26.4,30.1,24.5
2012/05/27,ST,ShaTin,26.5,28.8,25.5
2012/05/30,HV,HappyValley,27.1,30.0,25.4
2012/06/03,ST,ShaTin,25.7,27.4,24.8
2012/06/06,HV,HappyValley,28.8,32.6,25.6
2012/06/09,ST,ShaTin,28.8,31.4,26.0
2012/06/13,HV,HappyValley,26.6,29.8,24.8
2012/06/17,ST,ShaTin,27.3,29.4,25.1
2012/06/20,HV,HappyValley,30.5,34.7,27.1
2012/06/24,ST,ShaTin,28.8,30.3,27.3
2012/07/01,ST,ShaTin,27.9,30.8,25.8
2012/07/04,HV,HappyValley,29.7,33.2,26.1
2012/07/08,ST,ShaTin,28.9,32.5,26.8
2012/07/11,HV,HappyValley,29.9,33.1,27.8
2012/07/15,ST,ShaTin,30.0,32.8,27.9
2012/09/08,ST,ShaTin,27.7,31.8,24.8
2012/09/12,HV,HappyValley,29.8,33.5,27.1
2012/09/16,ST,ShaTin,26.3,30.8,23.0
2012/09/19,HV,HappyValley,26.5,28.0,24.2
2012/09/23,ST,ShaTin,27.4,31.4,25.3
2012/09/26,HV,HappyValley,27.0,30.3,24.7
2012/10/01,ST,ShaTin,25.5,27.4,23.9
2012/10/06,ST,ShaTin,26.2,29.9,24.2
2012/10/10,HV,HappyValley,26.5,30.8,23.7
2012/10/14,ST,ShaTin,25.2,29.6,21.8
2012/10/17,ST,ShaTin,25.5,28.7,21.7
2012/10/21,HV,HappyValley,24.5,28.5,20.9
2012/10/24,HV,HappyValley,25.5,29.3,24.0
2012/10/28,ST,ShaTin,26.0,28.5,23.9
2012/11/04,ST,ShaTin,23.4,27.4,19.6
2012/11/07,HV,HappyValley,23.5,25.1,22.8
2012/11/10,ST,ShaTin,25.3,28.8,23.2
2012/11/14,ST,ShaTin,22.3,25.5,19.3
2012/11/18,ST,ShaTin,19.1,20.4,17.3
2012/11/21,HV,HappyValley,23.3,24.8,22.4
2012/11/25,ST,ShaTin,21.1,22.0,19.9
2012/11/28,HV,HappyValley,20.3,21.4,18.5
2012/12/02,ST,ShaTin,17.1,20.6,15.7
2012/12/05,HV,HappyValley,17.6,18.9,16.5
2012/12/09,ST,ShaTin,18.7,21.9,16.1
2012/12/12,HV,HappyValley,18.3,20.6,16.7
2012/12/16,ST,ShaTin,23.2,27.7,20.5
2012/12/19,HV,HappyValley,15.8,18.3,13.7
2012/12/22,ST,ShaTin,17.4,20.9,12.7
2012/12/28,HV,HappyValley,20.5,24.2,17.5
2013/01/01,ST,ShaTin,12.6,17.1,6.7
2013/01/06,ST,ShaTin,13.9,17.4,11.6
2013/01/09,HV,HappyValley,17.4,20.5,14.9
2013/01/12,ST,ShaTin,15.7,18.5,12.9
2013/01/16,HV,HappyValley,17.9,23.2,12.7
2013/01/20,ST,ShaTin,18.2,19.9,15.8
2013/01/23,HV,HappyValley,18.5,21.6,16.8
2013/01/27,ST,ShaTin,16.0,18.7,15.0
2013/01/30,HV,HappyValley,18.9,22.3,16.5
2013/02/02,ST,ShaTin,19.9,27.1,15.8
2013/02/06,HV,HappyValley,22.0,25.3,19.6
2013/02/12,ST,ShaTin,18.7,23.2,15.8
2013/02/17,ST,ShaTin,18.2,21.5,16.1
2013/02/20,HV,HappyValley,17.9,19.7,16.3
2013/02/24,ST,ShaTin,18.1,20.5,15.5
2013/02/27,HV,HappyValley,23.8,27.7,21.6
2013/03/02,ST,ShaTin,17.1,21.7,14.0
2013/03/06,HV,HappyValley,19.9,25.1,16.5
2013/03/10,ST,ShaTin,20.0,27.6,14.0
2013/03/13,HV,HappyValley,23.7,28.7,20.1
2013/03/17,ST,ShaTin,21.2,25.0,17.9
2013/03/20,ST,ShaTin,24.8,29.3,22.1
2013/03/24,ST,ShaTin,23.2,26.3,20.9
2013/03/27,HV,HappyValley,21.6,23.3,19.1
2013/04/01,ST,ShaTin,20.5,22.1,19.0
2013/04/07,ST,ShaTin,17.1,19.2,14.7
2013/04/10,HV,HappyValley,19.1,20.1,18.1
2013/04/14,HV,HappyValley,21.9,26.7,18.8
2013/04/17,HV,HappyValley,25.1,25.9,24.1
2013/04/20,ST,ShaTin,23.5,27.3,21.1
2013/04/24,HV,HappyValley,25.3,29.5,21.8
2013/04/28,ST,ShaTin,22.3,23.5,20.5
2013/05/01,ST,ShaTin,22.0,25.4,19.9
2013/05/05,ST,ShaTin,22.3,23.8,20.7
2013/05/08,HV,HappyValley,23.2,24.2,22.5
2013/05/11,ST,ShaTin,25.7,30.2,22.0
2013/05/15,HV,HappyValley,28.4,30.1,26.5
2013/05/18,ST,ShaTin,28.5,31.7,25.2
2013/05/22,HV,HappyValley,24.9,27.6,23.3
2013/05/26,ST,ShaTin,28.4,31.0,25.6
2013/05/29,HV,HappyValley,29.2,31.9,28.1
2013/06/02,ST,ShaTin,30.4,33.5,27.1
2013/06/05,HV,HappyValley,27.2,30.6,24.9
2013/06/08,ST,ShaTin,29.9,32.4,28.2
2013/06/12,ST,ShaTin,25.2,28.5,23.3
2013/06/16,ST,ShaTin,28.3,29.9,26.6
2013/06/19,HV,HappyValley,30.2,35.3,26.7
2013/06/23,ST,ShaTin,27.9,30.8,26.1
2013/06/26,HV,HappyValley,29.6,32.4,28.5
2013/07/01,ST,ShaTin,29.1,31.5,26.6
2013/07/04,HV,HappyValley,29.6,32.8,26.7
2013/07/07,ST,ShaTin,27.1,31.3,24.5
2013/07/10,HV,HappyValley,28.3,31.9,25.4
2013/09/08,ST,ShaTin,28.0,31.2,24.8
2013/09/11,HV,HappyValley,28.6,31.3,27.5
2013/09/15,ST,ShaTin,28.2,33.6,25.1
2013/09/17,HV,HappyValley,28.3,30.7,27.3
2013/09/22,ST,ShaTin,28.3,31.8,25.1
2013/09/25,HV,HappyValley,28.6,31.1,27.0
2013/10/01,ST,ShaTin,27.5,30.9,25.7
2013/10/06,ST,ShaTin,26.6,32.0,19.9
2013/10/09,HV,HappyValley,27.4,30.6,25.8
2013/10/12,ST,ShaTin,27.7,30.9,25.3
2013/10/16,ST,ShaTin,25.5,27.5,23.8
2013/10/20,HV,HappyValley,25.6,29.8,22.7
2013/10/23,HV,HappyValley,25.0,28.9,21.4
2013/10/27,ST,ShaTin,19.8,24.5,15.6
2013/10/30,ST,ShaTin,23.3,26.2,21.2
2013/11/03,ST,ShaTin,25.2,27.6,23.6
2013/11/06,HV,HappyValley,24.9,28.9,23.1
2013/11/09,ST,ShaTin,25.6,29.1,21.5
2013/11/13,HV,HappyValley,21.4,22.1,21.0
2013/11/17,ST,ShaTin,21.0,24.3,17.8
2013/11/20,HV,HappyValley,20.3,22.0,19.7
2013/11/24,ST,ShaTin,22.3,26.1,19.8
2013/11/27,HV,HappyValley,20.7,24.5,16.5
2013/12/01,ST,ShaTin,14.6,21.5,9.0
2013/12/04,HV,HappyValley,18.5,24.7,11.9
2013/12/08,ST,ShaTin,18.5,21.9,14.2
2013/12/11,HV,HappyValley,19.3,21.6,17.7
2013/12/15,ST,ShaTin,15.9,17.0,15.0
2013/12/18,HV,HappyValley,11.7,15.0,9.7
2013/12/21,ST,ShaTin,13.8,15.7,12.4
2013/12/26,HV,HappyValley,15.3,19.7,11.0
2013/12/29,ST,ShaTin,10.6,15.1,6.8
2014/01/01,ST,ShaTin,12.5,20.1,6.4
2014/01/05,ST,ShaTin,14.7,18.9,9.4
2014/01/08,HV,HappyValley,19.4,23.2,15.9
2014/01/11,ST,ShaTin,15.6,19.7,12.3
2014/01/15,HV,HappyValley,13.4,17.1,10.9
2014/01/19,ST,ShaTin,12.8,16.8,9.2
2014/01/22,HV,HappyValley,13.0,18.3,8.0
2014/01/26,ST,ShaTin,18.0,24.2,15.4
2014/02/02,ST,ShaTin,18.5,25.8,13.5
2014/02/05,HV,HappyValley,17.1,19.7,15.3
2014/02/08,ST,ShaTin,15.4,19.7,13.6
2014/02/12,HV,HappyValley,9.3,10.7,7.6
2014/02/16,ST,ShaTin,14.3,15.8,13.1
2014/02/19,HV,HappyValley,10.6,12.8,8.2
2014/02/23,ST,ShaTin,16.0,19.3,13.9
2014/02/26,HV,HappyValley,20.7,24.7,17.6
2014/03/01,ST,ShaTin,20.0,22.6,18.5
2014/03/05,HV,HappyValley,17.0,18.1,16.0
2014/03/09,ST,ShaTin,13.5,14.9,12.3
2014/03/12,HV,HappyValley,19.1,21.2,15.8
2014/03/16,ST,ShaTin,18.0,20.2,15.9
2014/03/19,HV,HappyValley,23.3,28.1,20.0
2014/03/23,ST,ShaTin,18.0,22.1,15.2
2014/03/26,ST,ShaTin,22.5,27.6,18.6
2014/03/30,ST,ShaTin,22.1,25.5,18.8
2014/04/02,HV,HappyValley,20.4,22.0,19.3
2014/04/06,ST,ShaTin,19.2,21.4,17.6
2014/04/09,HV,HappyValley,22.8,28.5,18.4
2014/04/13,ST,ShaTin,25.4,30.8,20.9
2014/04/16,HV,HappyValley,22.6,24.6,21.0
2014/04/21,ST,ShaTin,23.0,24.6,22.1
2014/04/27,ST,ShaTin,25.5,30.3,20.2
2014/04/30,HV,HappyValley,23.8,26.9,22.1
2014/05/04,ST,ShaTin,22.2,23.3,21.2
2014/05/07,HV,HappyValley,20.7,22.0,19.7
2014/05/10,ST,ShaTin,23.9,26.4,21.8
2014/05/14,HV,HappyValley,28.3,30.0,27.2
2014/05/17,ST,ShaTin,27.5,30.8,25.3
2014/05/21,HV,HappyValley,27.3,31.3,23.8
2014/05/25,ST,ShaTin,28.7,32.1,25.9
2014/05/28,HV,HappyValley,29.8,33.6,27.5
2014/06/01,ST,ShaTin,30.0,33.2,27.6
2014/06/05,HV,HappyValley,30.0,32.3,27.8
2014/06/08,ST,ShaTin,28.7,32.7,25.7
2014/06/11,ST,ShaTin,27.6,29.4,25.7
2014/06/15,ST,ShaTin,28.4,32.0,24.9
2014/06/18,ST,ShaTin,29.5,32.3,26.7
2014/06/22,ST,ShaTin,26.4,28.7,24.8
2014/06/25,ST,ShaTin,27.3,29.7,25.5
2014/06/28,ST,ShaTin,29.9,33.4,27.0
2014/07/01,ST,ShaTin,27.9,31.5,25.7
2014/07/06,ST,ShaTin,30.6,34.7,27.3
2014/09/14,ST,ShaTin,29.2,32.8,26.3
2014/09/17,ST,ShaTin,28.1,29.6,27.4
2014/09/21,ST,ShaTin,27.0,29.0,25.0
2014/09/24,ST,ShaTin,27.1,31.1,23.4
2014/09/27,ST,ShaTin,27.6,31.8,24.5
2014/10/01,ST,ShaTin,28.2,31.5,25.6
2014/10/05,ST,ShaTin,26.7,30.8,23.7
2014/10/08,ST,ShaTin,25.0,28.9,21.3
2014/10/12,ST,ShaTin,26.9,31.0,23.3
2014/10/15,ST,ShaTin,24.0,28.2,20.1
2014/10/19,HV,HappyValley,25.6,28.9,23.9
2014/10/22,HV,HappyValley,27.6,32.0,23.3
2014/10/26,ST,ShaTin,25.4,29.0,23.1
2014/10/29,HV,HappyValley,25.3,28.3,22.9
2014/11/02,ST,ShaTin,24.7,27.3,22.2
2014/11/09,ST,ShaTin,21.6,23.7,19.3
2014/11/12,HV,HappyValley,22.8,25.7,20.0
2014/11/15,ST,ShaTin,21.5,25.1,18.7
2014/11/19,HV,HappyValley,21.4,24.4,19.5
2014/11/23,ST,ShaTin,22.9,26.0,21.1
2014/11/26,HV,HappyValley,22.7,24.8,20.6
2014/11/30,ST,ShaTin,24.2,27.0,22.6
2014/12/03,HV,HappyValley,18.5,19.7,17.3
2014/12/07,ST,ShaTin,17.4,18.3,16.4
2014/12/10,HV,HappyValley,20.0,21.9,17.2
2014/12/14,ST,ShaTin,14.7,19.4,10.0
2014/12/17,HV,HappyValley,14.0,17.5,11.3
2014/12/20,ST,ShaTin,14.9,19.0,11.1
2014/12/28,ST,ShaTin,13.7,15.9,11.5
2015/01/01,ST,ShaTin,14.7,20.1,9.1
2015/01/04,ST,ShaTin,16.8,21.5,12.4
2015/01/07,HV,HappyValley,18.3,20.0,16.7
2015/01/10,ST,ShaTin,14.8,20.2,9.8
2015/01/14,HV,HappyValley,14.7,20.2,10.5
2015/01/18,ST,ShaTin,15.8,20.0,11.4
2015/01/21,HV,HappyValley,16.3,22.5,11.2
2015/01/25,ST,ShaTin,18.6,21.3,16.6
2015/01/28,HV,HappyValley,16.8,19.3,16.0
2015/02/01,ST,ShaTin,14.3,17.0,12.2
2015/02/04,HV,HappyValley,16.4,19.2,14.4
2015/02/07,ST,ShaTin,15.9,18.9,13.5
2015/02/11,HV,HappyValley,16.4,20.1,11.6
2015/02/15,ST,ShaTin,18.7,20.0,17.3
2015/02/21,ST,ShaTin,19.5,21.8,17.8
2015/02/25,HV,HappyValley,21.0,23.6,19.9
2015/03/01,ST,ShaTin,18.7,21.0,16.4
2015/03/04,HV,HappyValley,17.4,19.8,16.1
2015/03/08,ST,ShaTin,18.2,19.5,16.8
2015/03/11,HV,HappyValley,16.1,17.7,15.4
2015/03/15,ST,ShaTin,21.0,22.3,19.8
2015/03/18,HV,HappyValley,24.3,27.6,21.8
2015/03/21,ST,ShaTin,21.8,25.5,18.6
2015/03/25,ST,ShaTin,17.7,18.7,16.7
2015/03/29,ST,ShaTin,21.5,25.9,17.9
2015/04/01,HV,HappyValley,24.9,26.8,23.7
2015/04/07,ST,ShaTin,24.6,27.4,19.4
2015/04/12,ST,ShaTin,19.1,23.8,15.9
2015/04/15,HV,HappyValley,20.7,26.7,15.1
2015/04/19,ST,ShaTin,26.9,28.0,26.1
2015/04/22,HV,HappyValley,23.1,26.0,21.6
2015/04/26,ST,ShaTin,23.4,26.5,21.4
2015/04/29,HV,HappyValley,26.6,30.6,23.5
2015/05/03,ST,ShaTin,28.2,31.2,26.4
2015/05/06,HV,HappyValley,27.3,29.0,24.7
2015/05/09,ST,ShaTin,27.2,31.4,23.5
2015/05/13,HV,HappyValley,26.9,29.5,25.3
2015/05/16,ST,ShaTin,26.3,28.6,23.6
2015/05/20,HV,HappyValley,27.9,29.3,25.3
2015/05/24,ST,ShaTin,25.8,29.6,23.7
2015/05/27,ST,ShaTin,28.3,31.4,25.4
2015/05/31,ST,ShaTin,28.5,32.1,25.7
2015/06/03,HV,HappyValley,29.8,32.5,27.9
2015/06/07,ST,ShaTin,30.0,32.8,27.3
2015/06/10,HV,HappyValley,29.8,31.7,26.0
2015/06/14,ST,ShaTin,29.8,33.2,27.3
2015/06/17,HV,HappyValley,30.3,34.1,28.6
2015/06/21,ST,ShaTin,28.9,32.3,26.4
2015/06/24,HV,HappyValley,28.5,30.3,26.3
2015/06/27,ST,ShaTin,30.7,33.4,28.8
2015/07/01,ST,ShaTin,30.8,33.3,29.1
2015/07/05,ST,ShaTin,29.4,32.9,26.5
2015/07/08,HV,HappyValley,30.0,34.4,27.1
2015/07/12,ST,ShaTin,31.3,35.5,27.7
2015/09/06,ST,ShaTin,29.9,33.3,27.5
2015/09/09,HV,HappyValley,28.0,31.2,26.5
2015/09/13,ST,ShaTin,27.5,30.6,25.3
2015/09/16,HV,HappyValley,28.4,30.5,27.2
2015/09/19,ST,ShaTin,27.7,31.3,24.8
2015/09/23,HV,HappyValley,28.8,32.8,25.7
2015/09/28,ST,ShaTin,29.0,32.8,25.3
2015/10/01,ST,ShaTin,28.3,31.3,26.6
2015/10/04,ST,ShaTin,27.4,28.3,25.9
2015/10/07,HV,HappyValley,26.9,29.1,25.2
2015/10/10,ST,ShaTin,23.7,26.3,20.3
2015/10/14,HV,HappyValley,24.9,28.8,23.1
2015/10/18,ST,ShaTin,23.9,29.4,19.8
2015/10/22,HV,HappyValley,26.9,32.4,23.7
2015/10/25,ST,ShaTin,26.1,28.0,25.1
2015/11/01,HV,HappyValley,23.4,26.4,21.0
2015/11/08,ST,ShaTin,26.3,29.5,23.7
2015/11/11,HV,HappyValley,23.7,25.9,21.9
2015/11/14,ST,ShaTin,23.8,27.3,20.7
2015/11/18,ST,ShaTin,25.5,30.2,22.1
2015/11/21,ST,ShaTin,24.8,26.5,23.2
2015/11/25,HV,HappyValley,22.9,27.1,18.3
2015/11/29,ST,ShaTin,21.6,25.5,18.5
2015/12/02,HV,HappyValley,23.6,26.8,22.0
2015/12/06,ST,ShaTin,15.3,16.9,13.8
2015/12/09,HV,HappyValley,18.2,19.4,17.2
2015/12/13,ST,ShaTin,20.1,21.1,19.5
2015/12/16,HV,HappyValley,15.7,18.9,13.7
2015/12/19,ST,ShaTin,15.3,19.4,10.0
2015/12/23,HV,HappyValley,21.4,23.7,18.2
2015/12/27,ST,ShaTin,16.6,17.4,14.9
2016/01/01,ST,ShaTin,18.1,21.8,15.6
2016/01/06,HV,HappyValley,21.9,26.6,19.0
2016/01/09,ST,ShaTin,17.9,20.2,16.2
2016/01/13,HV,HappyValley,16.5,20.2,13.7
2016/01/17,ST,ShaTin,17.5,19.9,14.2
2016/01/20,HV,HappyValley,15.6,17.1,15.1
2016/01/24,ST,ShaTin,4.5,6.5,2.9
2016/01/31,ST,ShaTin,15.5,16.0,15.0
2016/02/03,HV,HappyValley,12.8,14.4,11.1
2016/02/06,ST,ShaTin,13.8,17.5,11.0
2016/02/10,ST,ShaTin,16.6,18.5,13.9
2016/02/14,ST,ShaTin,21.0,27.3,15.9
2016/02/17,HV,HappyValley,12.7,14.3,10.9
2016/02/21,ST,ShaTin,14.4,15.1,12.2
2016/02/24,HV,HappyValley,14.2,16.4,12.5
2016/02/28,ST,ShaTin,15.3,21.7,9.5
2016/03/02,HV,HappyValley,16.5,21.3,14.3
2016/03/06,ST,ShaTin,21.3,27.0,17.3
2016/03/09,HV,HappyValley,21.6,24.2,17.2
2016/03/13,ST,ShaTin,15.9,17.3,14.0
2016/03/16,HV,HappyValley,15.6,16.9,14.0
2016/03/20,ST,ShaTin,19.2,22.2,17.6
2016/03/23,HV,HappyValley,19.3,22.2,17.5
2016/03/28,ST,ShaTin,15.5,19.7,10.7
2016/03/31,HV,HappyValley,22.0,27.3,17.9
2016/04/03,ST,ShaTin,23.1,27.6,20.0
2016/04/06,ST,ShaTin,23.4,27.3,21.3
2016/04/10,ST,ShaTin,23.5,26.9,21.3
2016/04/13,HV,HappyValley,22.6,25.2,21.3
2016/04/16,ST,ShaTin,24.9,29.1,20.7
2016/04/20,HV,HappyValley,22.3,24.5,20.2
2016/04/24,ST,ShaTin,24.4,28.9,22.2
2016/04/27,HV,HappyValley,27.0,30.5,25.5
2016/05/01,ST,ShaTin,22.5,24.3,20.3
2016/05/04,HV,HappyValley,26.9,30.7,23.2
2016/05/07,ST,ShaTin,28.6,31.8,25.4
2016/05/11,HV,HappyValley,26.1,30.2,23.7
2016/05/14,ST,ShaTin,25.5,27.9,24.1
2016/05/18,HV,HappyValley,25.1,27.5,23.7
2016/05/22,ST,ShaTin,27.0,30.5,24.5
2016/05/29,ST,ShaTin,28.4,31.9,25.0
2016/06/01,HV,HappyValley,29.9,32.8,28.8
2016/06/05,ST,ShaTin,26.7,31.0,24.1
2016/06/09,HV,HappyValley,28.3,32.1,25.9
2016/06/12,ST,ShaTin,27.2,29.2,25.1
2016/06/15,HV,HappyValley,30.1,31.3,29.2
2016/06/19,ST,ShaTin,29.9,33.6,26.4
2016/06/22,HV,HappyValley,30.5,33.8,27.4
2016/06/26,ST,ShaTin,31.0,34.3,28.2
2016/07/01,ST,ShaTin,30.0,32.8,27.7
2016/07/06,HV,HappyValley,28.2,30.4,24.5
2016/07/10,ST,ShaTin,29.0,32.1,26.2
2016/09/03,ST,ShaTin,28.2,31.8,25.3
2016/09/07,HV,HappyValley,26.5,28.9,25.7
2016/09/11,ST,ShaTin,26.8,30.9,23.8
2016/09/18,ST,ShaTin,28.6,32.8,24.2
2016/09/21,HV,HappyValley,28.0,31.2,25.7
2016/09/25,ST,ShaTin,28.2,32.1,26.1
2016/09/28,HV,HappyValley,31.0,32.5,29.3
2016/10/01,ST,ShaTin,26.0,30.0,23.1
2016/10/05,HV,HappyValley,28.8,32.3,26.2
2016/10/08,ST,ShaTin,28.1,29.6,26.8
2016/10/12,HV,HappyValley,25.0,26.5,23.3
2016/10/16,ST,ShaTin,28.0,31.4,25.7
2016/10/19,HV,HappyValley,26.1,27.2,24.8
2016/10/23,ST,ShaTin,26.3,30.0,23.4
2016/10/26,HV,HappyValley,27.2,30.4,25.0
2016/10/30,HV,HappyValley,24.8,27.0,23.0
2016/11/02,ST,ShaTin,22.1,25.0,19.5
2016/11/06,ST,ShaTin,22.1,26.8,18.8
2016/11/09,HV,HappyValley,21.1,23.0,19.2
2016/11/12,ST,ShaTin,23.1,26.4,20.4
2016/11/16,HV,HappyValley,24.9,26.5,23.3
2016/11/20,ST,ShaTin,25.4,28.1,23.7
2016/11/23,HV,HappyValley,21.0,22.4,17.5
2016/11/27,ST,ShaTin,15.4,19.6,11.1
2016/11/30,HV,HappyValley,20.4,24.6,16.1
2016/12/04,ST,ShaTin,22.0,26.4,19.8
2016/12/07,HV,HappyValley,20.6,24.6,18.6
2016/12/11,ST,ShaTin,20.3,22.5,18.7
2016/12/14,HV,HappyValley,22.2,25.4,19.0
2016/12/17,ST,ShaTin,15.7,18.4,10.4
2016/12/22,HV,HappyValley,23.3,27.7,19.9
2016/12/27,ST,ShaTin,15.7,20.5,11.2
2017/01/01,ST,ShaTin,19.3,22.7,17.0
2017/01/04,HV,HappyValley,20.3,23.9,18.7
2017/01/08,ST,ShaTin,22.2,26.5,18.0
2017/01/11,HV,HappyValley,19.1,20.2,18.2
2017/01/14,ST,ShaTin,14.3,15.5,12.8
2017/01/18,ST,ShaTin,18.4,19.7,17.4
2017/01/22,ST,ShaTin,15.3,19.9,12.5
2017/01/25,HV,HappyValley,18.1,22.9,15.7
2017/01/30,ST,ShaTin,20.2,23.0,16.7
2017/02/02,HV,HappyValley,16.8,17.9,16.1
2017/02/05,ST,ShaTin,19.4,24.0,16.0
2017/02/08,HV,HappyValley,18.2,22.2,15.5
2017/02/11,ST,ShaTin,12.6,17.2,9.3
2017/02/15,HV,HappyValley,17.2,21.3,15.0
2017/02/19,ST,ShaTin,17.6,19.1,16.0
2017/02/22,HV,HappyValley,20.0,23.3,16.6
2017/02/26,ST,ShaTin,13.3,16.7,9.7
2017/03/01,ST,ShaTin,18.8,23.2,14.1
2017/03/05,ST,ShaTin,20.6,24.4,19.1
2017/03/08,HV,HappyValley,16.4,17.6,15.3
2017/03/12,ST,ShaTin,19.1,20.4,17.3
2017/03/15,HV,HappyValley,17.1,17.8,16.2
2017/03/19,ST,ShaTin,20.0,21.1,19.2
2017/03/22,HV,HappyValley,19.0,20.2,17.5
2017/03/26,ST,ShaTin,15.0,16.1,12.8
2017/03/29,HV,HappyValley,22.2,24.9,20.4
2017/04/02,ST,ShaTin,18.5,23.2,13.8
2017/04/05,ST,ShaTin,22.8,25.8,20.2
2017/04/09,ST,ShaTin,25.3,29.3,20.7
2017/04/12,HV,HappyValley,21.0,23.2,18.4
2017/04/17,ST,ShaTin,26.4,31.9,22.3
2017/04/20,HV,HappyValley,26.1,27.5,24.8
2017/04/23,ST,ShaTin,20.4,22.0,19.4
2017/04/26,HV,HappyValley,24.7,28.3,22.3
2017/04/30,ST,ShaTin,22.5,27.5,17.8
2017/05/03,HV,HappyValley,27.6,30.4,26.2
2017/05/07,ST,ShaTin,25.5,26.6,24.5
2017/05/10,HV,HappyValley,27.6,31.2,24.4
2017/05/13,ST,ShaTin,25.3,27.3,23.7
2017/05/17,HV,HappyValley,26.0,30.7,22.2
2017/05/21,ST,ShaTin,24.1,25.5,22.7
2017/05/24,HV,HappyValley,25.7,27.1,24.4
2017/05/28,ST,ShaTin,26.7,30.9,24.3
2017/05/31,ST,ShaTin,28.4,33.0,24.0
2017/06/04,ST,ShaTin,30.5,32.9,29.3
2017/06/07,HV,HappyValley,30.0,33.4,27.3
2017/06/11,ST,ShaTin,29.8,33.6,26.7
2017/06/14,HV,HappyValley,28.7,30.3,25.5
2017/06/18,ST,ShaTin,26.4,28.6,24.7
2017/06/21,HV,HappyValley,27.6,28.9,25.6
2017/06/25,ST,ShaTin,29.6,32.4,27.1
2017/06/28,HV,HappyValley,30.2,33.6,28.3
2017/07/01,ST,ShaTin,29.4,33.2,25.9
2017/07/09,ST,ShaTin,29.0,32.3,26.4
2017/07/12,HV,HappyValley,30.0,33.9,27.4
2017/07/16,ST,ShaTin,28.5,29.9,26.6
2017/09/03,ST,ShaTin,28.7,32.0,26.6
2017/09/06,HV,HappyValley,29.5,33.5,27.3
2017/09/10,ST,ShaTin,28.5,33.3,25.7
2017/09/13,HV,HappyValley,30.4,34.1,28.2
2017/09/16,ST,ShaTin,30.2,35.3,26.0
2017/09/20,HV,HappyValley,29.3,33.2,27.0
2017/09/24,ST,ShaTin,29.5,31.1,27.8
2017/09/27,HV,HappyValley,30.2,34.8,26.4
2017/10/01,ST,ShaTin,28.9,31.6,27.1
2017/10/05,HV,HappyValley,28.8,30.8,27.7
2017/10/08,ST,ShaTin,29.1,32.3,27.0
2017/10/11,HV,HappyValley,30.2,33.3,28.8
2017/10/14,ST,ShaTin,24.3,25.6,21.8
2017/10/18,HV,HappyValley,27.2,31.4,24.8
2017/10/22,ST,ShaTin,22.8,26.6,19.7
2017/10/25,HV,HappyValley,24.3,26.7,22.6
2017/10/29,HV,HappyValley,25.1,29.2,21.8
2017/11/01,ST,ShaTin,22.2,26.7,18.6
2017/11/05,ST,ShaTin,23.1,26.2,20.3
2017/11/08,HV,HappyValley,25.1,28.4,23.7
2017/11/11,ST,ShaTin,24.6,27.6,22.5
2017/11/15,HV,HappyValley,23.6,25.1,22.9
2017/11/19,ST,ShaTin,19.1,19.9,17.6
2017/11/22,HV,HappyValley,20.7,24.7,17.7
2017/11/26,ST,ShaTin,19.3,22.5,17.1
2017/11/29,HV,HappyValley,24.2,28.4,21.5
2017/12/03,ST,ShaTin,20.2,24.6,17.4
2017/12/06,HV,HappyValley,19.1,22.9,17.6
2017/12/10,ST,ShaTin,16.7,22.6,10.5
2017/12/13,HV,HappyValley,18.8,19.6,18.1
2017/12/17,ST,ShaTin,11.9,14.0,10.1
2017/12/20,HV,HappyValley,16.3,21.0,12.7
2017/12/23,ST,ShaTin,19.0,22.0,16.8
2017/12/27,HV,HappyValley,18.1,21.3,16.2
2018/01/01,ST,ShaTin,17.1,19.1,15.8
2018/01/07,ST,ShaTin,17.3,18.4,15.3
2018/01/10,HV,HappyValley,14.0,17.1,11.1
2018/01/13,ST,ShaTin,12.2,15.7,8.3
2018/01/17,HV,HappyValley,18.4,26.6,12.1
2018/01/21,ST,ShaTin,18.5,21.5,16.5
2018/01/24,ST,ShaTin,17.9,19.6,16.5
2018/01/28,ST,ShaTin,15.4,17.9,10.1
2018/01/31,HV,HappyValley,9.9,11.1,8.1
2018/02/04,ST,ShaTin,9.8,11.7,8.1
2018/02/07,HV,HappyValley,13.0,17.2,9.7
2018/02/10,ST,ShaTin,18.3,23.7,15.7
2018/02/14,HV,HappyValley,16.9,19.5,13.4
2018/02/18,ST,ShaTin,18.4,20.5,16.4
2018/02/21,HV,HappyValley,18.3,19.8,16.6
2018/02/25,ST,ShaTin,19.8,24.2,17.0
2018/02/28,ST,ShaTin,21.3,27.0,18.1
2018/03/03,ST,ShaTin,21.9,23.6,20.0
2018/03/07,HV,HappyValley,19.3,21.6,17.5
2018/03/11,ST,ShaTin,17.4,22.1,13.5
2018/03/14,HV,HappyValley,20.6,21.9,19.7
2018/03/18,ST,ShaTin,20.8,24.9,19.0
2018/03/21,HV,HappyValley,18.9,24.6,14.4
2018/03/25,ST,ShaTin,21.7,25.1,19.5
2018/03/28,HV,HappyValley,22.4,27.6,19.5
2018/04/02,ST,ShaTin,23.4,29.5,18.5
2018/04/08,ST,ShaTin,18.7,25.0,12.1
2018/04/11,HV,HappyValley,24.7,28.7,21.9
2018/04/15,ST,ShaTin,20.7,25.8,17.4
2018/04/18,HV,HappyValley,22.4,25.5,20.8
2018/04/21,ST,ShaTin,24.3,26.7,22.8
2018/04/25,HV,HappyValley,23.4,24.2,22.2
2018/04/29,ST,ShaTin,25.4,29.1,23.4
2018/05/02,ST,ShaTin,27.9,32.2,24.5
2018/05/06,ST,ShaTin,27.4,30.8,24.6
2018/05/09,HV,HappyValley,24.8,26.0,23.2
2018/05/12,ST,ShaTin,26.5,30.9,23.9
2018/05/16,HV,HappyValley,28.3,31.2,24.8
2018/05/20,ST,ShaTin,30.1,34.1,26.9
2018/05/23,HV,HappyValley,30.9,36.3,27.1
2018/05/27,ST,ShaTin,30.4,33.6,27.6
2018/05/30,ST,ShaTin,31.4,36.4,28.9
2018/06/03,ST,ShaTin,28.6,32.3,26.7
2018/06/06,HV,HappyValley,27.6,29.0,26.4
2018/06/10,ST,ShaTin,29.9,34.2,26.5
2018/06/13,HV,HappyValley,26.8,29.2,25.6
2018/06/16,ST,ShaTin,28.4,31.4,26.8
2018/06/24,ST,ShaTin,28.7,31.6,26.2
2018/06/27,HV,HappyValley,29.4,32.4,26.1
2018/07/01,ST,ShaTin,30.1,32.9,27.4
2018/07/04,HV,HappyValley,30.0,32.1,28.8
2018/07/08,ST,ShaTin,28.1,32.0,25.5
2018/07/11,HV,HappyValley,29.6,34.1,25.7
2018/07/15,ST,ShaTin,27.3,29.4,25.0
2018/09/02,ST,ShaTin,26.7,30.6,24.5
2018/09/05,HV,HappyValley,30.1,34.6,26.9
2018/09/09,ST,ShaTin,27.2,30.4,24.8
2018/09/12,HV,HappyValley,27.8,29.2,26.5
2018/09/16,ST,ShaTin,27.0,32.3,23.8
2018/09/22,ST,ShaTin,28.2,32.0,24.4
2018/09/26,HV,HappyValley,26.6,29.7,25.0
2018/10/01,ST,ShaTin,26.5,30.0,23.4
2018/10/03,HV,HappyValley,26.6,31.3,23.7
2018/10/07,ST,ShaTin,25.7,29.6,21.9
2018/10/10,HV,HappyValley,24.5,29.1,23.1
2018/10/13,ST,ShaTin,24.3,27.0,22.1
2018/10/18,HV,HappyValley,22.8,24.4,21.0
2018/10/21,ST,ShaTin,24.4,27.7,22.1
2018/10/24,HV,HappyValley,25.2,27.7,23.4
2018/10/28,HV,HappyValley,23.7,28.7,19.4
2018/10/31,ST,ShaTin,24.9,26.6,22.4
2018/11/04,ST,ShaTin,23.0,24.9,21.0
2018/11/07,HV,HappyValley,25.3,28.1,23.3
2018/11/10,ST,ShaTin,23.6,26.0,22.8
2018/11/14,HV,HappyValley,23.5,26.2,22.7
2018/11/18,ST,ShaTin,23.5,25.4,22.4
2018/11/21,HV,HappyValley,24.5,28.9,21.8
2018/11/25,ST,ShaTin,19.2,21.4,17.1
2018/11/28,HV,HappyValley,20.7,22.0,19.3
2018/12/02,ST,ShaTin,22.3,25.7,19.8
2018/12/05,HV,HappyValley,,,
2018/12/09,ST,ShaTin,14.9,16.5,14.0
2018/12/12,HV,HappyValley,,,
2018/12/16,ST,ShaTin,18.3,20.0,15.9
2018/12/19,ST,ShaTin,19.6,21.1,17.7
2018/12/23,ST,ShaTin,19.3,22.0,16.7
2018/12/26,HV,HappyValley,,,
2018/12/29,ST,ShaTin,13.0,15.7,11.4
2019/01/01,ST,ShaTin,12.7,16.8,9.3
2019/01/06,ST,ShaTin,17.5,19.7,16.4
2019/01/09,HV,HappyValley,17.7,19.8,16.6
2019/01/12,ST,ShaTin,21.5,26.4,18.1
2019/01/16,HV,HappyValley,17.8,20.2,15.7
2019/01/20,ST,ShaTin,20.5,25.2,17.3
2019/01/23,HV,HappyValley,15.5,19.9,11.0
2019/01/27,ST,ShaTin,16.5,20.1,14.6
2019/01/30,HV,HappyValley,19.4,22.0,16.5
2019/02/02,ST,ShaTin,18.2,20.9,16.5
2019/02/07,ST,ShaTin,22.6,27.4,19.4
2019/02/10,ST,ShaTin,17.9,18.8,17.1
2019/02/13,HV,HappyValley,21.4,26.3,17.9
2019/02/17,ST,ShaTin,18.5,19.9,17.6
2019/02/20,HV,HappyValley,23.4,26.2,21.2
2019/02/24,ST,ShaTin,15.5,18.1,12.3
2019/02/27,HV,HappyValley,21.4,25.9,18.7
2019/03/02,ST,ShaTin,21.2,22.8,19.6
2019/03/06,HV,HappyValley,21.1,22.9,20.0
2019/03/10,ST,ShaTin,17.0,17.6,16.1
2019/03/13,HV,HappyValley,21.1,25.0,18.0
2019/03/17,ST,ShaTin,20.7,21.8,19.7
2019/03/20,HV,HappyValley,24.2,27.2,22.1
2019/03/24,ST,ShaTin,16.7,17.9,15.2
2019/03/27,HV,HappyValley,22.5,26.9,20.4
2019/03/31,ST,ShaTin,21.6,23.0,20.5
2019/04/03,ST,ShaTin,22.3,25.4,20.0
2019/04/07,ST,ShaTin,25.6,28.9,22.0
2019/04/10,HV,HappyValley,27.0,30.6,25.1
2019/04/14,ST,ShaTin,22.9,24.6,22.3
2019/04/17,HV,HappyValley,23.6,27.0,20.8
2019/04/22,ST,ShaTin,27.6,30.9,24.9
2019/04/24,HV,HappyValley,27.8,30.9,26.1
2019/04/28,ST,ShaTin,24.5,26.6,22.7
2019/05/01,HV,HappyValley,26.2,30.4,23.5
2019/05/05,ST,ShaTin,21.6,22.2,20.6
2019/05/08,ST,ShaTin,20.6,21.7,19.8
2019/05/11,ST,ShaTin,25.6,29.7,21.6
2019/05/15,HV,HappyValley,28.5,31.0,26.6
2019/05/18,ST,ShaTin,30.1,32.9,28.5
2019/05/22,HV,HappyValley,26.0,30.4,22.4
2019/05/26,ST,ShaTin,26.6,29.5,24.9
2019/05/29,HV,HappyValley,25.0,25.9,23.9
2019/06/02,ST,ShaTin,27.2,31.4,24.8
2019/06/05,HV,HappyValley,29.4,32.3,26.8
2019/06/08,ST,ShaTin,30.1,32.5,28.0
2019/06/12,ST,ShaTin,***,***,***
2019/06/16,ST,ShaTin,***,***,***
2019/06/23,ST,ShaTin,30.3,31.8,29.2
2019/06/26,HV,HappyValley,28.9,32.5,26.6
2019/07/01,ST,ShaTin,30.0,32.6,27.5
2019/07/03,HV,HappyValley,27.0,29.5,25.3
2019/07/07,ST,ShaTin,29.9,31.5,28.3
2019/07/10,HV,HappyValley,28.5,30.4,26.7
2019/07/14,ST,ShaTin,30.2,32.3,29.1
2019/09/01,ST,ShaTin,28.7,32.0,26.2
2019/09/08,ST,ShaTin,30.2,35.2,26.4
2019/09/11,HV,HappyValley,30.8,35.0,28.0
2019/09/15,ST,ShaTin,28.9,32.6,25.8
2019/09/18,HV,HappyValley,29.2,33.9,25.0
2019/09/21,ST,ShaTin,29.3,32.1,26.9
2019/09/25,HV,HappyValley,26.8,31.4,23.4
2019/10/01,ST,ShaTin,29.6,35.1,24.8
2019/10/06,ST,ShaTin,26.6,30.0,23.1
2019/10/09,HV,HappyValley,28.0,30.5,26.6
2019/10/12,ST,ShaTin,28.2,32.6,25.3
2019/10/16,HV,HappyValley,25.7,29.3,23.7
2019/10/20,ST,ShaTin,24.9,28.6,22.2
2019/10/23,HV,HappyValley,25.0,28.6,21.7
2019/10/27,ST,ShaTin,25.2,28.4,23.4
2019/10/30,HV,HappyValley,24.1,26.8,20.9
2019/11/03,ST,ShaTin,25.7,30.1,21.4
2019/11/06,HV,HappyValley,23.5,27.0,21.5
2019/11/09,ST,ShaTin,22.3,25.9,19.4
2019/11/13,HV,HappyValley,23.9,27.9,21.7
2019/11/17,ST,ShaTin,22.4,27.4,18.5
2019/11/20,HV,HappyValley,20.9,25.2,18.1
2019/11/23,ST,ShaTin,22.4,28.0,18.1
2019/11/27,HV,HappyValley,22.2,24.9,20.7
2019/12/01,ST,ShaTin,20.9,26.9,15.7
2019/12/04,HV,HappyValley,17.9,22.2,12.9
2019/12/08,ST,ShaTin,14.9,19.8,9.8
2019/12/11,HV,HappyValley,17.8,25.2,12.3
2019/12/15,ST,ShaTin,19.4,20.8,17.9
2019/12/18,HV,HappyValley,22.2,28.1,18.6
2019/12/21,ST,ShaTin,18.9,22.2,15.9
2019/12/26,HV,HappyValley,21.3,27.1,16.9
2019/12/29,ST,ShaTin,18.1,19.4,16.8
2020/01/01,ST,ShaTin,17.5,18.6,16.7
2020/01/05,ST,ShaTin,20.3,23.2,18.4
2020/01/08,HV,HappyValley,21.7,26.7,19.0
2020/01/11,ST,ShaTin,21.0,25.8,17.9
2020/01/15,HV,HappyValley,19.6,21.9,17.9
2020/01/19,ST,ShaTin,17.2,19.4,14.8
2020/01/22,HV,HappyValley,20.8,24.9,17.8
2020/01/27,ST,ShaTin,12.2,15.9,10.0
2020/01/29,HV,HappyValley,14.3,18.1,11.2
2020/02/02,ST,ShaTin,16.9,18.8,15.5
2020/02/05,HV,HappyValley,17.7,18.8,17.2
2020/02/08,ST,ShaTin,16.7,18.0,15.8
2020/02/12,HV,HappyValley,20.8,26.6,18.1
2020/02/16,ST,ShaTin,13.9,21.3,10.1
2020/02/19,ST,ShaTin,15.6,18.7,11.8
2020/02/23,ST,ShaTin,19.7,24.4,16.8
2020/02/26,HV,HappyValley,22.8,29.1,17.8
2020/03/01,ST,ShaTin,22.7,28.3,17.9
2020/03/04,HV,HappyValley,20.1,22.2,17.8
2020/03/08,ST,ShaTin,22.3,24.4,19.8
2020/03/11,HV,HappyValley,18.9,21.5,17.3
2020/03/14,ST,ShaTin,20.9,25.2,19.0
2020/03/18,HV,HappyValley,20.3,22.2,19.2
2020/03/22,ST,ShaTin,24.2,28.9,21.0
2020/03/25,HV,HappyValley,23.0,27.2,21.1
2020/03/29,ST,ShaTin,19.8,20.7,18.6
2020/04/01,ST,ShaTin,18.8,19.8,17.9
2020/04/05,ST,ShaTin,17.6,19.5,16.6
2020/04/08,HV,HappyValley,20.9,25.1,18.9
2020/04/12,ST,ShaTin,20.9,24.4,18.3
2020/04/15,HV,HappyValley,21.5,26.5,16.3
2020/04/19,ST,ShaTin,26.0,29.9,23.1
2020/04/22,HV,HappyValley,22.1,25.2,19.5
2020/04/26,ST,ShaTin,22.8,27.4,19.0
2020/04/29,HV,HappyValley,24.0,29.8,21.3
2020/05/03,ST,ShaTin,27.8,32.8,23.5
2020/05/06,HV,HappyValley,28.2,30.2,27.2
2020/05/09,ST,ShaTin,28.9,31.5,27.9
2020/05/13,HV,HappyValley,26.0,29.5,24.9
2020/05/17,ST,ShaTin,28.8,32.8,25.0
2020/05/20,HV,HappyValley,27.6,29.6,26.3
2020/05/24,ST,ShaTin,26.7,29.3,24.6
2020/05/27,ST,ShaTin,28.0,31.8,25.4
2020/05/31,ST,ShaTin,29.0,32.4,25.8
2020/06/03,HV,HappyValley,29.5,31.8,28.2
2020/06/07,ST,ShaTin,25.9,28.0,24.1
2020/06/10,HV,HappyValley,29.6,31.9,28.0
2020/06/14,ST,ShaTin,27.7,30.7,25.5
2020/06/21,ST,ShaTin,30.3,33.0,28.6
2020/06/24,HV,HappyValley,29.8,31.6,28.7
2020/06/27,ST,ShaTin,30.5,33.6,28.5
2020/07/01,ST,ShaTin,29.5,32.8,27.0
2020/07/05,ST,ShaTin,30.2,33.1,27.7
2020/07/08,HV,HappyValley,29.6,31.1,28.6
2020/07/12,ST,ShaTin,30.9,34.2,28.6
2020/07/15,HV,HappyValley,30.7,35.0,28.8
2020/09/06,ST,ShaTin,28.4,32.0,25.9
2020/09/09,HV,HappyValley,27.8,31.1,25.9
2020/09/13,ST,ShaTin,28.1,31.9,25.1
2020/09/16,HV,HappyValley,29.6,32.8,27.2
2020/09/20,ST,ShaTin,28.3,32.5,24.8
2020/09/23,HV,HappyValley,29.1,32.5,26.3
2020/09/27,ST,ShaTin,27.4,29.4,26.0
2020/10/01,ST,ShaTin,27.1,29.3,25.2
2020/10/04,ST,ShaTin,28.1,32.5,25.1
2020/10/07,HV,HappyValley,25.4,27.2,24.3
2020/10/11,ST,ShaTin,26.3,30.2,23.7
2020/10/14,HV,HappyValley,25.7,26.9,24.4
2020/10/18,ST,ShaTin,24.3,27.8,21.5
2020/10/21,HV,HappyValley,24.7,28.7,21.5
2020/10/24,ST,ShaTin,23.6,25.2,21.9
2020/10/28,HV,HappyValley,24.1,26.7,22.0
2020/11/01,ST,ShaTin,23.7,28.1,20.8
2020/11/04,ST,ShaTin,22.3,25.7,19.8
2020/11/08,HV,HappyValley,26.0,28.5,23.7
2020/11/11,HV,HappyValley,22.5,24.9,20.9
2020/11/14,ST,ShaTin,22.9,24.6,21.6
2020/11/18,HV,HappyValley,25.4,29.5,23.4
2020/11/22,ST,ShaTin,25.0,28.9,22.3
2020/11/25,HV,HappyValley,23.9,28.7,21.7
2020/11/29,ST,ShaTin,19.4,22.4,16.9
2020/12/02,HV,HappyValley,20.3,24.4,16.8
2020/12/06,ST,ShaTin,16.8,22.0,12.9
2020/12/09,HV,HappyValley,20.0,21.8,18.8
2020/12/13,ST,ShaTin,20.7,22.7,19.8
2020/12/16,HV,HappyValley,15.6,17.3,14.1
2020/12/20,ST,ShaTin,14.5,18.6,11.3
2020/12/23,HV,HappyValley,19.0,21.0,17.7
2020/12/26,ST,ShaTin,18.7,22.1,16.2
2021/01/01,ST,ShaTin,10.3,15.4,6.9
2021/01/06,HV,HappyValley,17.1,20.1,15.2
2021/01/10,ST,ShaTin,12.1,13.9,10.6
2021/01/13,HV,HappyValley,12.1,19.0,5.8
2021/01/17,ST,ShaTin,16.3,19.2,13.5
2021/01/20,HV,HappyValley,18.7,22.7,16.4
2021/01/24,ST,ShaTin,17.8,21.0,15.1
2021/01/27,HV,HappyValley,19.0,22.4,16.7
2021/01/31,ST,ShaTin,17.9,22.5,12.5
2021/02/03,HV,HappyValley,18.6,22.6,16.6
2021/02/06,ST,ShaTin,19.0,28.2,12.7
2021/02/10,HV,HappyValley,17.0,17.8,16.3
2021/02/14,ST,ShaTin,18.6,25.1,13.6
2021/02/17,HV,HappyValley,20.0,25.1,16.8
2021/02/21,ST,ShaTin,18.5,24.9,13.0
2021/02/24,HV,HappyValley,20.3,21.4,19.1
2021/02/28,ST,ShaTin,19.6,22.6,17.1
2021/03/03,HV,HappyValley,18.5,20.2,17.5
2021/03/07,ST,ShaTin,19.7,20.6,18.9
2021/03/10,HV,HappyValley,20.1,22.3,19.4
2021/03/13,ST,ShaTin,21.5,24.2,20.1
2021/03/17,HV,HappyValley,24.8,29.6,20.3
2021/03/21,ST,ShaTin,20.2,23.5,16.3
2021/03/24,HV,HappyValley,21.5,24.8,18.7
2021/03/28,ST,ShaTin,24.8,28.9,20.7
2021/03/31,ST,ShaTin,27.0,30.2,25.1
2021/04/05,ST,ShaTin,21.9,22.7,21.3
2021/04/08,HV,HappyValley,23.3,25.5,22.2
2021/04/11,ST,ShaTin,22.7,27.1,20.3
2021/04/14,HV,HappyValley,24.2,27.3,22.3
2021/04/17,ST,ShaTin,22.5,23.1,21.8
2021/04/21,HV,HappyValley,24.4,28.7,21.9
2021/04/25,ST,ShaTin,24.3,28.2,21.9
2021/04/28,HV,HappyValley,25.2,28.4,23.3
2021/05/02,ST,ShaTin,25.7,31.0,22.6
2021/05/05,HV,HappyValley,27.0,32.7,22.8
2021/05/08,ST,ShaTin,27.7,31.5,23.4
2021/05/12,ST,ShaTin,30.0,33.2,27.8
2021/05/16,ST,ShaTin,30.5,33.9,28.0
2021/05/19,HV,HappyValley,30.2,33.1,28.9
2021/05/23,ST,ShaTin,30.9,34.9,27.5
2021/05/26,HV,HappyValley,30.1,33.0,27.5
2021/05/30,ST,ShaTin,30.6,32.7,29.4
2021/06/02,HV,HappyValley,28.4,32.4,24.5
2021/06/06,ST,ShaTin,27.8,31.4,24.2
2021/06/09,HV,HappyValley,28.5,31.6,26.5
2021/06/13,ST,ShaTin,28.6,31.6,26.1
2021/06/20,ST,ShaTin,30.8,33.2,29.4
2021/06/23,HV,HappyValley,26.3,30.4,24.9
2021/06/26,ST,ShaTin,28.2,30.5,26.1
2021/07/01,ST,ShaTin,30.5,32.4,29.2
2021/07/04,ST,ShaTin,30.4,33.8,27.5
2021/07/07,HV,HappyValley,29.8,32.6,27.0
2021/07/11,ST,ShaTin,30.6,33.6,27.9
2021/07/14,HV,HappyValley,30.9,34.6,27.6
2021/09/05,ST,ShaTin,29.3,32.6,26.4
2021/09/08,HV,HappyValley,30.7,35.2,27.7
2021/09/12,ST,ShaTin,32.0,36.2,29.4
2021/09/15,HV,HappyValley,30.8,35.0,27.4
2021/09/19,ST,ShaTin,29.4,32.0,27.4
2021/09/22,HV,HappyValley,30.0,34.6,26.2
2021/09/26,ST,ShaTin,28.6,31.4,26.4
2021/10/01,ST,ShaTin,29.5,32.5,27.3
2021/10/06,HV,HappyValley,29.8,32.7,27.7
2021/10/10,ST,ShaTin,27.2,28.7,25.3
2021/10/13,HV,HappyValley,26.4,28.4,23.7
2021/10/17,ST,ShaTin,23.4,25.9,21.3
2021/10/20,HV,HappyValley,27.1,31.1,24.6
2021/10/24,ST,ShaTin,21.0,25.2,18.3
2021/10/27,ST,ShaTin,25.2,28.0,23.4
2021/10/31,HV,HappyValley,24.4,26.2,23.3
2021/11/03,HV,HappyValley,25.3,28.3,24.2
2021/11/07,ST,ShaTin,25.1,28.0,22.7
2021/11/10,HV,HappyValley,21.3,25.8,18.2
2021/11/13,ST,ShaTin,21.6,25.0,18.6
2021/11/17,HV,HappyValley,23.6,26.7,21.8
2021/11/21,ST,ShaTin,23.3,26.4,21.0
2021/11/24,HV,HappyValley,19.3,24.0,16.7
2021/11/28,ST,ShaTin,20.4,25.4,16.0
2021/12/01,HV,HappyValley,18.1,22.2,15.2
2021/12/05,ST,ShaTin,17.6,22.4,13.1
2021/12/08,HV,HappyValley,20.4,23.2,18.3
2021/12/12,ST,ShaTin,21.1,26.0,16.7
2021/12/15,HV,HappyValley,21.8,24.5,20.2
2021/12/18,ST,ShaTin,17.6,20.4,15.8
2021/12/22,HV,HappyValley,19.9,22.9,16.8
2021/12/27,ST,ShaTin,10.7,12.5,8.5
2021/12/29,ST,ShaTin,18.1,23.1,15.2
2022/01/01,ST,ShaTin,16.8,19.6,14.2
2022/01/05,HV,HappyValley,20.7,26.1,17.7
2022/01/09,ST,ShaTin,17.3,21.1,14.2
2022/01/12,HV,HappyValley,16.2,18.0,14.3
2022/01/16,ST,ShaTin,18.5,21.8,16.6
2022/01/19,HV,HappyValley,17.3,21.4,14.1
2022/01/23,ST,ShaTin,19.8,22.6,17.9
2022/01/26,HV,HappyValley,19.6,22.1,18.0
2022/01/30,ST,ShaTin,15.0,18.7,12.3
2022/02/03,ST,ShaTin,12.1,13.4,10.6
2022/02/06,HV,HappyValley,16.3,18.6,14.8
2022/02/09,HV,HappyValley,16.7,18.2,15.6
2022/02/12,ST,ShaTin,19.4,23.6,17.5
2022/02/16,HV,HappyValley,17.0,18.2,15.5
2022/02/20,ST,ShaTin,8.2,9.2,7.8
2022/02/23,HV,HappyValley,13.2,17.3,10.1
2022/02/27,ST,ShaTin,16.8,22.2,11.8
2022/03/02,HV,HappyValley,20.8,27.9,17.4
2022/03/06,ST,ShaTin,19.2,22.3,17.3
2022/03/09,HV,HappyValley,19.1,26.0,14.7
2022/03/12,ST,ShaTin,21.6,26.0,17.3
2022/03/16,HV,HappyValley,22.7,25.5,21.3
2022/03/20,ST,ShaTin,21.3,23.0,20.2
2022/03/23,HV,HappyValley,18.3,23.5,16.6
2022/03/27,ST,ShaTin,21.7,26.2,17.9
2022/03/30,ST,ShaTin,22.9,26.1,19.8
2022/04/03,ST,ShaTin,18.0,23.1,15.1
2022/04/06,HV,HappyValley,22.3,28.3,17.4
2022/04/10,ST,ShaTin,23.0,28.7,18.0
2022/04/13,HV,HappyValley,25.6,28.8,23.4
2022/04/16,ST,ShaTin,21.5,22.7,21.0
2022/04/20,HV,HappyValley,22.5,27.7,19.8
2022/04/24,ST,ShaTin,27.4,30.8,25.6
2022/04/27,HV,HappyValley,28.7,32.6,26.8
2022/05/01,ST,ShaTin,20.1,24.3,17.2
2022/05/04,ST,ShaTin,24.0,27.9,19.8
2022/05/07,ST,ShaTin,25.1,29.4,23.0
2022/05/11,HV,HappyValley,25.5,26.6,24.2
2022/05/15,ST,ShaTin,23.0,24.4,20.8
2022/05/18,HV,HappyValley,24.4,27.8,21.4
2022/05/22,ST,ShaTin,25.0,26.2,24.2
2022/05/25,HV,HappyValley,25.7,28.7,23.9
2022/05/29,ST,ShaTin,29.1,32.6,26.5
2022/06/01,HV,HappyValley,28.8,30.7,28.0
2022/06/05,ST,ShaTin,29.6,31.5,28.6
2022/06/08,HV,HappyValley,26.0,28.3,24.7
2022/06/12,ST,ShaTin,***,***,***
2022/06/19,ST,ShaTin,29.3,31.2,26.8
2022/06/22,HV,HappyValley,29.8,32.4,27.9
2022/06/25,ST,ShaTin,29.7,33.4,27.2
2022/06/28,HV,HappyValley,30.7,34.1,27.4
2022/07/01,ST,ShaTin,27.7,31.4,25.2
2022/07/06,HV,HappyValley,28.7,30.2,27.4
2022/07/10,ST,ShaTin,30.2,33.2,27.9
2022/07/13,HV,HappyValley,30.8,35.0,27.3
2022/07/16,ST,ShaTin,30.4,33.3,28.2
2022/09/11,ST,ShaTin,29.6,34.1,26.2
2022/09/14,HV,HappyValley,31.5,37.0,26.7
2022/09/18,ST,ShaTin,29.8,34.5,26.1
2022/09/21,HV,HappyValley,28.7,30.5,26.6
2022/09/25,ST,ShaTin,28.2,32.3,25.7
2022/09/28,HV,HappyValley,29.1,31.6,28.0
2022/10/01,ST,ShaTin,28.0,30.7,25.5
2022/10/05,HV,HappyValley,28.9,31.8,26.5
2022/10/09,ST,ShaTin,27.1,31.3,23.3
2022/10/12,HV,HappyValley,25.2,29.6,21.6
2022/10/16,ST,ShaTin,28.5,31.2,25.4
2022/10/19,HV,HappyValley,23.6,26.6,19.8
2022/10/23,ST,ShaTin,25.9,29.7,23.5
2022/10/26,ST,ShaTin,23.4,27.1,21.1
2022/10/30,HV,HappyValley,26.0,29.5,22.9
2022/11/02,HV,HappyValley,20.9,22.4,19.6
2022/11/06,ST,ShaTin,20.3,22.2,19.2
2022/11/09,HV,HappyValley,24.4,28.2,21.6
2022/11/12,ST,ShaTin,24.0,27.7,21.5
2022/11/16,HV,HappyValley,24.3,26.5,23.0
2022/11/20,ST,ShaTin,24.5,28.2,22.0
2022/11/23,HV,HappyValley,23.6,25.7,22.6
2022/11/27,ST,ShaTin,23.2,24.2,22.2
2022/11/30,HV,HappyValley,22.6,28.6,19.1
2022/12/04,ST,ShaTin,20.1,23.3,18.5
2022/12/07,HV,HappyValley,19.2,22.5,17.1
2022/12/11,ST,ShaTin,16.0,18.6,14.0
2022/12/14,HV,HappyValley,13.1,13.8,12.1
2022/12/18,ST,ShaTin,11.9,14.6,9.2
2022/12/21,HV,HappyValley,17.8,22.6,14.2
2022/12/24,ST,ShaTin,14.2,20.9,9.2
2022/12/28,HV,HappyValley,18.0,22.6,14.2
2023/01/01,ST,ShaTin,15.9,19.0,13.3
2023/01/04,HV,HappyValley,17.8,20.8,16.4
2023/01/08,ST,ShaTin,18.3,19.9,15.8
2023/01/11,HV,HappyValley,18.6,20.3,17.1
2023/01/15,ST,ShaTin,17.5,20.6,12.1
2023/01/18,HV,HappyValley,15.1,20.1,11.8
2023/01/21,ST,ShaTin,16.5,18.2,15.7
2023/01/24,ST,ShaTin,14.6,18.9,11.8
2023/01/29,ST,ShaTin,11.5,16.6,7.0
2023/02/01,HV,HappyValley,20.0,25.9,16.1
2023/02/05,ST,ShaTin,18.0,19.4,16.6
2023/02/08,HV,HappyValley,18.6,20.0,17.1
2023/02/12,ST,ShaTin,21.0,22.7,19.6
2023/02/15,HV,HappyValley,16.5,20.2,13.3
2023/02/19,ST,ShaTin,22.3,28.8,18.3
2023/02/22,HV,HappyValley,16.9,21.3,14.5
2023/02/26,ST,ShaTin,16.1,20.7,13.6
2023/03/01,HV,HappyValley,19.5,26.0,13.9
2023/03/05,ST,ShaTin,18.6,24.0,14.8
2023/03/08,HV,HappyValley,20.9,26.4,16.8
2023/03/11,ST,ShaTin,21.3,25.5,17.3
2023/03/15,HV,HappyValley,20.5,25.3,16.5
2023/03/19,ST,ShaTin,20.4,21.7,19.7
2023/03/22,HV,HappyValley,24.7,26.2,24.1
2023/03/26,ST,ShaTin,20.4,22.1,19.0
2023/03/29,ST,ShaTin,19.9,21.9,18.5
2023/04/02,ST,ShaTin,21.5,22.0,20.9
2023/04/06,HV,HappyValley,25.5,27.0,21.4
2023/04/09,ST,ShaTin,19.5,22.1,18.3
2023/04/12,HV,HappyValley,25.1,29.6,20.9
2023/04/15,ST,ShaTin,27.0,31.4,23.0
2023/04/19,HV,HappyValley,26.1,28.4,22.5
2023/04/23,ST,ShaTin,23.3,24.1,22.9
2023/04/26,HV,HappyValley,22.3,25.7,20.3
2023/04/30,ST,ShaTin,24.1,26.7,21.4
2023/05/03,HV,HappyValley,26.2,30.2,23.9
2023/05/07,ST,ShaTin,26.5,30.6,23.4
2023/05/10,ST,ShaTin,23.5,25.2,22.7
2023/05/13,ST,ShaTin,22.8,24.2,21.9
2023/05/17,HV,HappyValley,27.2,28.3,24.7
2023/05/21,ST,ShaTin,30.2,33.0,28.1
2023/05/24,HV,HappyValley,25.4,28.9,23.7
2023/05/28,ST,ShaTin,28.4,32.5,24.7
2023/05/31,HV,HappyValley,31.8,35.8,29.4
2023/06/04,ST,ShaTin,30.1,32.5,28.3
2023/06/07,HV,HappyValley,28.9,32.5,26.6
2023/06/10,ST,ShaTin,28.9,33.7,26.5
2023/06/14,HV,HappyValley,27.8,30.8,25.1
2023/06/18,ST,ShaTin,27.9,30.2,25.8
2023/06/25,ST,ShaTin,29.1,32.7,26.0
2023/06/28,HV,HappyValley,29.4,32.7,27.2
2023/07/01,ST,ShaTin,28.5,30.9,26.4
2023/07/03,ST,ShaTin,28.8,32.4,26.5
2023/07/06,HV,HappyValley,30.4,33.4,28.0
2023/07/09,ST,ShaTin,30.6,33.4,28.7
2023/07/12,HV,HappyValley,30.9,33.9,28.2
2023/07/16,ST,ShaTin,29.0,32.6,25.7
2023/09/10,ST,ShaTin,26.7,27.7,25.9
2023/09/13,HV,HappyValley,28.8,32.5,26.7
2023/09/17,ST,ShaTin,28.2,31.8,26.4
2023/09/20,HV,HappyValley,29.6,34.1,26.7
2023/09/24,ST,ShaTin,29.6,32.1,28.2
2023/09/27,HV,HappyValley,30.3,34.2,28.6
2023/10/01,ST,ShaTin,29.0,33.2,26.5
2023/10/04,HV,HappyValley,31.5,36.0,27.2
2023/10/08,ST,ShaTin,23.6,25.3,22.0
2023/10/11,HV,HappyValley,26.3,29.4,24.3
2023/10/15,ST,ShaTin,26.2,29.6,23.7
2023/10/18,HV,HappyValley,24.9,25.9,23.5
2023/10/22,ST,ShaTin,23.5,26.7,21.1
2023/10/25,ST,ShaTin,26.1,29.5,24.1
2023/10/29,HV,HappyValley,25.5,27.9,23.8
2023/11/01,HV,HappyValley,26.0,29.8,23.3
2023/11/05,ST,ShaTin,25.9,30.1,23.0
2023/11/08,HV,HappyValley,25.4,26.3,24.8
2023/11/11,ST,ShaTin,25.2,26.2,24.6
2023/11/15,HV,HappyValley,22.9,26.3,19.9
2023/11/19,ST,ShaTin,18.4,23.6,13.1
2023/11/22,HV,HappyValley,21.4,27.4,17.7
2023/11/26,ST,ShaTin,21.0,25.9,17.3
2023/11/29,HV,HappyValley,22.9,24.6,20.9
2023/12/03,ST,ShaTin,21.1,23.4,19.3
2023/12/06,HV,HappyValley,21.8,24.2,19.3
2023/12/10,ST,ShaTin,23.8,27.2,21.3
2023/12/13,HV,HappyValley,22.4,23.6,21.5
2023/12/17,ST,ShaTin,12.0,14.0,9.7
2023/12/20,HV,HappyValley,14.4,16.6,11.1
2023/12/23,ST,ShaTin,10.1,12.7,7.0
2023/12/26,ST,ShaTin,15.3,20.7,9.1
2023/12/29,HV,HappyValley,19.5,22.1,17.6
2024/01/01,ST,ShaTin,20.0,23.2,18.5
2024/01/04,HV,HappyValley,16.8,20.9,14.8
2024/01/07,ST,ShaTin,19.4,22.4,15.9
2024/01/10,HV,HappyValley,20.6,25.5,17.8
2024/01/13,ST,ShaTin,19.0,22.6,15.1
2024/01/17,HV,HappyValley,19.6,23.0,17.7
2024/01/21,ST,ShaTin,17.7,20.3,14.6
2024/01/24,ST,ShaTin,7.7,11.4,4.4
2024/01/28,ST,ShaTin,12.6,14.2,11.0
2024/01/31,HV,HappyValley,19.9,21.5,18.1
2024/02/04,ST,ShaTin,20.3,21.6,19.7
2024/02/07,HV,HappyValley,17.2,18.7,15.1
2024/02/12,ST,ShaTin,16.7,21.7,11.1
2024/02/15,HV,HappyValley,22.1,28.3,18.1
2024/02/18,ST,ShaTin,22.4,26.8,20.0
2024/02/21,HV,HappyValley,24.8,28.3,22.0
2024/02/25,ST,ShaTin,15.5,19.8,13.0
2024/02/28,HV,HappyValley,18.5,20.0,17.5
2024/03/03,ST,ShaTin,15.6,18.2,12.7
2024/03/06,HV,HappyValley,24.1,29.2,19.9
2024/03/10,ST,ShaTin,15.8,16.4,14.7
2024/03/13,HV,HappyValley,19.4,22.3,15.9
2024/03/16,ST,ShaTin,20.9,22.0,19.6
2024/03/20,HV,HappyValley,20.8,24.0,18.1
2024/03/24,ST,ShaTin,26.4,30.4,23.3
2024/03/27,HV,HappyValley,22.4,26.2,20.6
2024/03/31,ST,ShaTin,27.1,28.6,25.6
2024/04/03,ST,ShaTin,27.7,29.9,26.4
2024/04/07,ST,ShaTin,25.3,28.2,23.8
2024/04/10,HV,HappyValley,23.8,26.9,22.0
2024/04/14,ST,ShaTin,27.8,31.7,25.1
2024/04/17,HV,HappyValley,28.1,30.0,27.0
2024/04/20,ST,ShaTin,26.9,29.8,22.6
2024/04/24,HV,HappyValley,26.5,28.8,24.3
2024/04/28,ST,ShaTin,25.5,28.6,24.1
2024/05/01,HV,HappyValley,23.8,24.9,22.8
2024/05/05,ST,ShaTin,25.6,29.5,22.6
2024/05/08,HV,HappyValley,26.8,31.2,24.8
2024/05/11,ST,ShaTin,26.6,30.9,24.2
2024/05/15,HV,HappyValley,26.7,31.9,23.2
2024/05/19,ST,ShaTin,24.9,26.3,23.7
2024/05/22,HV,HappyValley,26.4,28.3,25.2
2024/05/26,ST,ShaTin,27.4,30.5,25.0
2024/05/29,ST,ShaTin,25.4,27.9,24.6
2024/06/02,ST,ShaTin,28.6,32.1,25.8
2024/06/05,HV,HappyValley,24.7,25.9,23.4
2024/06/08,ST,ShaTin,26.4,28.9,24.8
2024/06/12,HV,HappyValley,29.6,31.6,28.7
2024/06/15,ST,ShaTin,27.3,29.9,24.3
2024/06/23,ST,ShaTin,30.2,33.6,27.9
2024/06/26,HV,HappyValley,30.3,34.6,26.7
2024/07/01,ST,ShaTin,30.8,32.8,29.3
2024/07/04,HV,HappyValley,30.2,33.9,27.7
2024/07/06,ST,ShaTin,30.3,33.6,27.2
2024/07/10,HV,HappyValley,30.7,34.1,26.8
2024/07/14,ST,ShaTin,30.6,33.5,28.0
2024/09/08,ST,ShaTin,***,***,***
2024/09/11,HV,HappyValley,30.4,34.7,27.6
2024/09/15,ST,ShaTin,29.4,33.1,26.9
2024/09/18,HV,HappyValley,30.3,34.1,26.3
2024/09/22,ST,ShaTin,27.0,30.5,24.5
2024/09/25,HV,HappyValley,28.6,33.4,25.7
2024/09/28,ST,ShaTin,28.9,32.4,27.2
2024/10/01,ST,ShaTin,30.9,33.8,27.0
2024/10/06,ST,ShaTin,28.3,32.4,25.5
2024/10/09,HV,HappyValley,26.6,28.2,25.3
2024/10/13,ST,ShaTin,26.9,30.0,25.0
2024/10/16,HV,HappyValley,28.2,31.1,26.8
2024/10/20,ST,ShaTin,27.3,29.0,26.1
2024/10/23,ST,ShaTin,25.2,27.6,22.2
2024/10/27,HV,HappyValley,27.3,29.8,25.4
2024/10/30,HV,HappyValley,26.8,31.9,24.6
2024/11/03,ST,ShaTin,25.2,28.8,22.7
2024/11/06,HV,HappyValley,24.8,28.4,21.6
2024/11/09,ST,ShaTin,24.8,28.0,22.3
2024/11/13,HV,HappyValley,25.1,27.6,23.0
,,,,,
2024/11/17,ST,ShaTin,24.2,26.8,22.9
2024/11/20,HV,HappyValley,18.6,19.6,17.8
2024/11/24,ST,ShaTin,20.8,23.2,19.1
2024/11/27,HV,HappyValley,19.9,24.1,16.5
2024/12/01,ST,ShaTin,17.3,23.7,12.2
2024/12/04,HV,HappyValley,22.5,25.6,21.1
2024/12/08,ST,ShaTin,***,***,***
2024/12/11,HV,HappyValley,22.7,27.7,20.1
2024/12/15,ST,ShaTin,14.1,16.7,11.4
2024/12/18,ST,ShaTin,18.2,21.7,15.2
2024/12/22,ST,ShaTin,15.2,19.0,12.4
2024/12/26,HV,HappyValley,20.6,23.6,18.5
2024/12/29,ST,ShaTin,14.3,18.5,11.5
2025/01/01,ST,ShaTin,17.2,18.5,16.1
2025/01/05,ST,ShaTin,17.9,22.6,12.2
2025/01/08,HV,HappyValley,18.0,23.0,16.5
2025/01/12,ST,ShaTin,12.9,18.9,7.9
2025/01/15,HV,HappyValley,19.8,24.5,16.5
2025/01/19,ST,ShaTin,15.0,22.9,8.4
2025/01/22,HV,HappyValley,18.8,22.1,17.4
2025/01/26,ST,ShaTin,14.7,17.1,11.7
2025/01/31,ST,ShaTin,18.1,20.9,16.5
2025/02/05,HV,HappyValley,15.5,18.9,11.8
2025/02/09,ST,ShaTin,13.5,17.5,10.6
2025/02/12,ST,ShaTin,18.4,20.7,16.6
2025/02/16,ST,ShaTin,20.9,27.3,15.4
2025/02/19,HV,HappyValley,17.3,19.3,16.2
2025/02/23,ST,ShaTin,16.1,18.6,14.2
2025/02/26,HV,HappyValley,18.1,22.0,16.0
2025/03/02,ST,ShaTin,23.4,28.0,20.9
2025/03/05,HV,HappyValley,19.6,24.0,17.3
2025/03/09,ST,ShaTin,18.5,22.1,15.0
2025/03/12,HV,HappyValley,23.0,25.3,21.4
2025/03/15,ST,ShaTin,21.2,25.5,18.5
2025/03/19,HV,HappyValley,17.7,23.5,13.2
2025/03/23,ST,ShaTin,19.7,27.4,12.6
2025/03/26,ST,ShaTin,23.7,26.9,20.1
2025/03/30,ST,ShaTin,12.1,13.2,11.3
2025/04/02,HV,HappyValley,18.1,23.9,13.3
2025/04/06,ST,ShaTin,19.7,23.2,17.1
2025/04/09,HV,HappyValley,24.4,29.0,21.4
2025/04/13,ST,ShaTin,21.1,23.9,17.8
2025/04/16,HV,HappyValley,23.4,27.4,19.4
2025/04/20,ST,ShaTin,27.1,30.6,24.8
2025/04/23,HV,HappyValley,27.5,30.2,26.4
2025/04/27,ST,ShaTin,22.0,23.3,20.9
2025/04/30,HV,HappyValley,25.4,29.6,22.5
2025/05/04,ST,ShaTin,,,
2025/05/07,HV,HappyValley,,,
2025/05/10,ST,ShaTin,,,
2025/05/14,HV,HappyValley,,,
2025/05/18,ST,ShaTin,,,
2025/05/21,HV,HappyValley,,,
