Date,Course,CourseName,MeanTemperature,MaxTemperature,MinTemperature,MaximumRelativeHumidity,MinimumRelativeHumidity,GrassMinimumTemperature,Rainfall(mm),MeanUVIndex,MaxUVIndex
01/01/2010,ST,ShaTin,16.6,19.4,15.3,,,,,,
06/01/2010,HV,HappyValley,24.7,26.6,21.9,,,,,,
10/01/2010,ST,ShaTin,27.9,30.6,26.4,,,,,,
13/01/2010,HV,HappyValley,12.6,16.4,8.3,,,,,,
16/01/2010,ST,ShaTin,16.4,22.0,12.6,,,,,,
20/01/2010,HV,HappyValley,21.6,23.3,19.0,,,,,,
24/01/2010,ST,ShaTin,15.0,17.7,12.4,,,,,,
27/01/2010,HV,HappyValley,16.5,19.1,14.9,,,,,,
31/01/2010,ST,ShaTin,21.9,27.4,18.3,,,,,,
03/02/2010,HV,HappyValley,24.7,26.3,23.6,,,,,,
07/02/2010,ST,ShaTin,30.7,33.9,27.5,,,,,,
10/02/2010,HV,HappyValley,29.4,33.5,26.5,,,,,,
16/02/2010,ST,ShaTin,9.0,9.8,7.6,,,,,,
21/02/2010,ST,ShaTin,16.6,19.2,13.9,,,,,,
24/02/2010,HV,HappyValley,22.3,23.5,20.8,,,,,,
28/02/2010,ST,ShaTin,23.9,26.9,21.7,,,,,,
03/03/2010,HV,HappyValley,25.1,27.3,23.9,,,,,,
06/03/2010,ST,ShaTin,23.5,28.1,20.4,,,,,,
10/03/2010,HV,HappyValley,29.2,32.2,27.2,,,,,,
14/03/2010,ST,ShaTin,21.2,23.3,19.7,,,,,,
17/03/2010,HV,HappyValley,19.1,21.5,16.9,,,,,,
21/03/2010,ST,ShaTin,21.8,28.4,17.9,,,,,,
24/03/2010,ST,ShaTin,24.6,28.5,21.4,,,,,,
28/03/2010,ST,ShaTin,19.4,24.8,14.5,,,,,,
31/03/2010,HV,HappyValley,22.0,26.1,20.0,,,,,,
04/04/2010,ST,ShaTin,19.2,20.8,17.7,,,,,,
07/04/2010,HV,HappyValley,30.5,33.8,29.3,,,,,,
10/04/2010,ST,ShaTin,25.6,26.9,24.6,,,,,,
18/04/2010,HV,HappyValley,19.3,20.9,17.8,,,,,,
21/04/2010,HV,HappyValley,25.9,27.5,25.0,,,,,,
25/04/2010,ST,ShaTin,20.3,21.9,19.1,,,,,,
28/04/2010,HV,HappyValley,23.2,27.3,20.7,,,,,,
01/05/2010,ST,ShaTin,17.6,18.7,16.1,,,,,,
05/05/2010,ST,ShaTin,26.7,29.2,23.9,,,,,,
08/05/2010,ST,ShaTin,29.4,34.5,23.4,,,,,,
12/05/2010,HV,HappyValley,22.1,27.9,18.7,,,,,,
16/05/2010,ST,ShaTin,24.8,28.7,23.2,,,,,,
19/05/2010,HV,HappyValley,25.8,29.3,22.4,,,,,,
23/05/2010,ST,ShaTin,26.8,28.7,22.9,,,,,,
26/05/2010,HV,HappyValley,26.5,29.9,23.5,,,,,,
30/05/2010,ST,ShaTin,26.2,29.0,25.3,,,,,,
02/06/2010,HV,HappyValley,17.4,18.3,16.7,,,,,,
06/06/2010,ST,ShaTin,25.5,28.3,23.8,,,,,,
09/06/2010,HV,HappyValley,29.4,33.3,25.7,,,,,,
12/06/2010,ST,ShaTin,23.8,28.5,18.9,,,,,,
16/06/2010,ST,ShaTin,29.5,30.6,28.1,,,,,,
20/06/2010,HV,HappyValley,29.7,31.7,28.8,,,,,,
27/06/2010,ST,ShaTin,26.0,27.0,25.1,,,,,,
01/07/2010,ST,ShaTin,12.3,13.4,11.2,,,,,,
04/07/2010,ST,ShaTin,19.9,22.8,18.1,,,,,,
07/07/2010,HV,HappyValley,30.5,33.7,29.4,,,,,,
11/07/2010,ST,ShaTin,22.0,27.4,18.5,,,,,,
14/07/2010,HV,HappyValley,30.7,34.7,28.4,,,,,,
05/09/2010,ST,ShaTin,27.5,31.2,24.6,,,,,,
08/09/2010,HV,HappyValley,30.2,34.0,28.5,,,,,,
12/09/2010,ST,ShaTin,15.9,20.8,9.5,,,,,,
15/09/2010,HV,HappyValley,28.5,31.9,25.6,,,,,,
18/09/2010,ST,ShaTin,30.2,35.1,26.4,,,,,,
23/09/2010,HV,HappyValley,27.9,31.4,25.3,,,,,,
26/09/2010,ST,ShaTin,28.0,31.5,25.9,,,,,,
01/10/2010,ST,ShaTin,17.8,20.0,16.0,,,,,,
06/10/2010,HV,HappyValley,26.2,27.9,25.0,,,,,,
10/10/2010,ST,ShaTin,25.7,26.7,24.8,,,,,,
13/10/2010,HV,HappyValley,28.1,32.4,26.1,,,,,,
17/10/2010,ST,ShaTin,26.8,29.7,24.7,,,,,,
20/10/2010,HV,HappyValley,27.6,30.5,25.6,,,,,,
24/10/2010,ST,ShaTin,25.6,28.9,21.7,,,,,,
31/10/2010,HV,HappyValley,20.1,25.7,16.9,,,,,,
03/11/2010,ST,ShaTin,14.1,19.9,8.2,,,,,,
06/11/2010,ST,ShaTin,28.2,31.8,25.4,,,,,,
10/11/2010,HV,HappyValley,27.3,29.5,26.4,,,,,,
14/11/2010,ST,ShaTin,23.3,26.9,21.4,,,,,,
17/11/2010,HV,HappyValley,21.3,24.7,18.9,,,,,,
21/11/2010,ST,ShaTin,21.5,25.7,18.5,,,,,,
24/11/2010,HV,HappyValley,21.1,24.5,19.5,,,,,,
28/11/2010,ST,ShaTin,21.4,25.6,18.5,,,,,,
01/12/2010,HV,HappyValley,12.5,16.6,9.7,,,,,,
04/12/2010,ST,ShaTin,26.4,29.7,23.2,,,,,,
08/12/2010,HV,HappyValley,29.7,33.1,27.0,,,,,,
12/12/2010,ST,ShaTin,20.2,21.6,18.8,,,,,,
15/12/2010,HV,HappyValley,17.5,19.5,11.5,,,,,,
19/12/2010,ST,ShaTin,18.3,23.6,14.7,,,,,,
23/12/2010,HV,HappyValley,18.1,22.8,14.9,,,,,,
27/12/2010,ST,ShaTin,11.9,18.3,5.9,,,,,,
01/01/2011,ST,ShaTin,14.4,18.3,9.5,,,,,,
05/01/2011,HV,HappyValley,26.0,28.5,24.1,,,,,,
09/01/2011,ST,ShaTin,28.0,30.9,26.4,,,,,,
12/01/2011,HV,HappyValley,19.2,22.0,15.1,,,,,,
16/01/2011,ST,ShaTin,10.6,13.5,8.4,,,,,,
19/01/2011,HV,HappyValley,15.5,18.5,13.0,,,,,,
23/01/2011,ST,ShaTin,15.3,19.7,11.0,,,,,,
26/01/2011,HV,HappyValley,15.2,19.4,11.1,,,,,,
30/01/2011,ST,ShaTin,11.8,15.8,7.9,,,,,,
05/02/2011,ST,ShaTin,27.0,30.1,24.7,,,,,,
09/02/2011,HV,HappyValley,29.2,31.8,27.5,,,,,,
12/02/2011,ST,ShaTin,13.5,17.7,10.8,,,,,,
16/02/2011,HV,HappyValley,13.4,15.3,11.2,,,,,,
20/02/2011,ST,ShaTin,13.8,15.6,12.0,,,,,,
23/02/2011,HV,HappyValley,18.0,22.4,15.4,,,,,,
27/02/2011,ST,ShaTin,20.2,25.6,16.9,,,,,,
02/03/2011,HV,HappyValley,15.3,20.0,12.7,,,,,,
06/03/2011,ST,ShaTin,28.1,31.5,25.5,,,,,,
09/03/2011,HV,HappyValley,28.4,32.0,26.0,,,,,,
12/03/2011,ST,ShaTin,13.1,20.1,8.9,,,,,,
16/03/2011,HV,HappyValley,16.0,18.8,13.3,,,,,,
20/03/2011,ST,ShaTin,20.2,22.9,18.1,,,,,,
23/03/2011,ST,ShaTin,15.2,17.1,13.8,,,,,,
27/03/2011,ST,ShaTin,14.5,16.3,13.7,,,,,,
30/03/2011,HV,HappyValley,18.4,20.9,16.9,,,,,,
03/04/2011,ST,ShaTin,16.0,18.9,14.1,,,,,,
06/04/2011,HV,HappyValley,28.4,31.6,27.1,,,,,,
09/04/2011,ST,ShaTin,28.3,32.7,24.5,,,,,,
13/04/2011,ST,ShaTin,23.1,28.7,19.8,,,,,,
17/04/2011,HV,HappyValley,25.1,27.2,23.2,,,,,,
20/04/2011,HV,HappyValley,21.7,24.1,20.4,,,,,,
25/04/2011,ST,ShaTin,23.0,29.3,16.5,,,,,,
01/05/2011,ST,ShaTin,14.9,17.5,12.4,,,,,,
04/05/2011,HV,HappyValley,18.6,20.3,17.6,,,,,,
07/05/2011,ST,ShaTin,30.0,33.6,26.3,,,,,,
10/05/2011,ST,ShaTin,23.7,26.0,21.9,,,,,,
15/05/2011,ST,ShaTin,24.3,25.1,23.6,,,,,,
18/05/2011,HV,HappyValley,25.1,28.8,22.4,,,,,,
21/05/2011,ST,ShaTin,25.9,29.0,23.9,,,,,,
25/05/2011,HV,HappyValley,23.5,25.6,21.2,,,,,,
29/05/2011,ST,ShaTin,25.8,28.7,22.9,,,,,,
01/06/2011,HV,HappyValley,14.7,17.5,11.7,,,,,,
05/06/2011,ST,ShaTin,26.3,30.0,23.6,,,,,,
08/06/2011,HV,HappyValley,30.6,34.5,27.7,,,,,,
11/06/2011,ST,ShaTin,26.7,29.3,25.8,,,,,,
15/06/2011,HV,HappyValley,29.7,31.8,28.1,,,,,,
19/06/2011,ST,ShaTin,29.5,32.4,27.3,,,,,,
22/06/2011,HV,HappyValley,27.4,28.6,25.7,,,,,,
26/06/2011,ST,ShaTin,28.8,30.2,27.2,,,,,,
01/07/2011,ST,ShaTin,9.7,12.6,7.5,,,,,,
06/07/2011,HV,HappyValley,29.3,31.9,27.7,,,,,,
10/07/2011,ST,ShaTin,25.5,28.0,24.4,,,,,,
11/09/2011,ST,ShaTin,19.7,21.6,18.3,,,,,,
14/09/2011,HV,HappyValley,29.8,33.7,26.8,,,,,,
18/09/2011,ST,ShaTin,28.8,31.1,27.7,,,,,,
21/09/2011,HV,HappyValley,26.6,29.4,23.3,,,,,,
25/09/2011,ST,ShaTin,24.9,26.3,23.1,,,,,,
28/09/2011,HV,HappyValley,29.3,33.3,25.3,,,,,,
01/10/2011,ST,ShaTin,12.5,16.2,9.8,,,,,,
06/10/2011,HV,HappyValley,29.8,34.0,26.0,,,,,,
09/10/2011,ST,ShaTin,29.5,32.0,27.3,,,,,,
12/10/2011,HV,HappyValley,13.8,17.7,11.3,,,,,,
16/10/2011,ST,ShaTin,25.0,29.4,21.4,,,,,,
19/10/2011,ST,ShaTin,23.7,26.7,21.4,,,,,,
23/10/2011,HV,HappyValley,25.0,27.5,23.3,,,,,,
26/10/2011,HV,HappyValley,23.2,26.3,21.4,,,,,,
30/10/2011,ST,ShaTin,24.1,26.8,22.0,,,,,,
05/11/2011,ST,ShaTin,29.9,33.3,27.6,,,,,,
09/11/2011,HV,HappyValley,29.1,31.5,26.3,,,,,,
13/11/2011,ST,ShaTin,22.5,27.2,17.7,,,,,,
16/11/2011,HV,HappyValley,23.7,26.2,21.9,,,,,,
20/11/2011,ST,ShaTin,22.6,24.7,20.7,,,,,,
23/11/2011,HV,HappyValley,22.8,25.9,20.4,,,,,,
27/11/2011,ST,ShaTin,20.5,26.1,16.2,,,,,,
30/11/2011,HV,HappyValley,23.6,28.1,20.9,,,,,,
04/12/2011,ST,ShaTin,21.4,24.1,20.1,,,,,,
07/12/2011,HV,HappyValley,28.1,29.9,27.0,,,,,,
11/12/2011,ST,ShaTin,21.0,25.8,16.9,,,,,,
14/12/2011,HV,HappyValley,19.8,22.3,17.5,,,,,,
17/12/2011,ST,ShaTin,15.0,17.8,13.1,,,,,,
21/12/2011,HV,HappyValley,19.8,23.7,17.5,,,,,,
27/12/2011,ST,ShaTin,16.1,19.1,13.5,,,,,,
01/01/2012,ST,ShaTin,16.6,20.7,13.1,,,,,,
04/01/2012,HV,HappyValley,20.6,23.3,18.7,,,,,,
08/01/2012,ST,ShaTin,30.4,36.1,25.3,,,,,,
11/01/2012,HV,HappyValley,21.3,25.5,17.3,,,,,,
15/01/2012,ST,ShaTin,16.2,17.7,14.7,,,,,,
18/01/2012,HV,HappyValley,18.4,22.5,15.5,,,,,,
21/01/2012,ST,ShaTin,15.7,16.4,15.2,,,,,,
25/01/2012,ST,ShaTin,6.8,8.3,5.7,,,,,,
29/01/2012,ST,ShaTin,15.5,16.6,12.7,,,,,,
01/02/2012,HV,HappyValley,16.6,19.0,15.3,,,,,,
05/02/2012,ST,ShaTin,28.6,31.0,27.0,,,,,,
08/02/2012,HV,HappyValley,32.7,37.2,28.6,,,,,,
11/02/2012,ST,ShaTin,21.7,25.5,17.6,,,,,,
15/02/2012,HV,HappyValley,19.5,22.4,16.2,,,,,,
19/02/2012,ST,ShaTin,13.3,18.0,11.5,,,,,,
22/02/2012,HV,HappyValley,19.4,21.3,17.9,,,,,,
26/02/2012,ST,ShaTin,12.1,13.4,10.5,,,,,,
29/02/2012,HV,HappyValley,14.9,16.7,13.9,,,,,,
04/03/2012,ST,ShaTin,24.3,28.7,20.5,,,,,,
07/03/2012,HV,HappyValley,29.3,33.1,26.5,,,,,,
10/03/2012,ST,ShaTin,24.8,28.5,21.8,,,,,,
14/03/2012,HV,HappyValley,16.8,19.6,14.8,,,,,,
18/03/2012,ST,ShaTin,22.8,30.0,17.8,,,,,,
21/03/2012,ST,ShaTin,17.8,19.2,17.2,,,,,,
25/03/2012,ST,ShaTin,17.2,22.5,12.9,,,,,,
28/03/2012,HV,HappyValley,21.3,24.2,19.2,,,,,,
01/04/2012,ST,ShaTin,11.7,14.8,9.2,,,,,,
09/04/2012,ST,ShaTin,27.4,30.0,25.0,,,,,,
15/04/2012,HV,HappyValley,26.8,29.2,25.6,,,,,,
18/04/2012,HV,HappyValley,22.4,24.3,21.1,,,,,,
21/04/2012,ST,ShaTin,23.2,27.4,20.4,,,,,,
25/04/2012,HV,HappyValley,27.3,29.0,24.0,,,,,,
29/04/2012,ST,ShaTin,27.2,30.3,22.6,,,,,,
02/05/2012,HV,HappyValley,18.1,20.0,16.0,,,,,,
06/05/2012,ST,ShaTin,27.6,32.0,23.8,,,,,,
09/05/2012,HV,HappyValley,28.3,31.9,25.4,,,,,,
12/05/2012,ST,ShaTin,16.0,17.7,15.1,,,,,,
16/05/2012,ST,ShaTin,26.8,28.5,25.5,,,,,,
19/05/2012,ST,ShaTin,26.4,30.1,24.5,,,,,,
27/05/2012,ST,ShaTin,26.5,28.8,25.5,,,,,,
30/05/2012,HV,HappyValley,27.1,30.0,25.4,,,,,,
03/06/2012,ST,ShaTin,23.7,27.4,20.3,,,,,,
06/06/2012,HV,HappyValley,28.8,32.6,25.6,,,,,,
09/06/2012,ST,ShaTin,29.0,32.2,26.6,,,,,,
13/06/2012,HV,HappyValley,26.6,29.8,24.8,,,,,,
17/06/2012,ST,ShaTin,27.3,29.4,25.1,,,,,,
20/06/2012,HV,HappyValley,30.5,34.7,27.1,,,,,,
24/06/2012,ST,ShaTin,28.8,30.3,27.3,,,,,,
01/07/2012,ST,ShaTin,12.5,13.3,11.1,,,,,,
04/07/2012,HV,HappyValley,21.0,22.1,18.3,,,,,,
08/07/2012,ST,ShaTin,30.0,34.6,26.0,,,,,,
11/07/2012,HV,HappyValley,23.5,25.1,22.8,,,,,,
15/07/2012,ST,ShaTin,30.0,32.8,27.9,,,,,,
08/09/2012,ST,ShaTin,30.2,34.6,27.1,,,,,,
12/09/2012,HV,HappyValley,19.4,21.8,16.7,,,,,,
16/09/2012,ST,ShaTin,26.3,30.8,23.0,,,,,,
19/09/2012,HV,HappyValley,26.5,28.0,24.2,,,,,,
23/09/2012,ST,ShaTin,27.4,31.4,25.3,,,,,,
26/09/2012,HV,HappyValley,27.0,30.3,24.7,,,,,,
01/10/2012,ST,ShaTin,14.0,18.2,10.1,,,,,,
06/10/2012,ST,ShaTin,28.9,30.3,27.4,,,,,,
10/10/2012,HV,HappyValley,26.5,30.8,23.7,,,,,,
14/10/2012,ST,ShaTin,25.2,29.6,21.8,,,,,,
17/10/2012,ST,ShaTin,25.5,28.7,21.7,,,,,,
21/10/2012,HV,HappyValley,24.5,28.5,20.9,,,,,,
24/10/2012,HV,HappyValley,25.5,29.3,24.0,,,,,,
28/10/2012,ST,ShaTin,26.0,28.5,23.9,,,,,,
04/11/2012,ST,ShaTin,25.0,29.4,21.7,,,,,,
07/11/2012,HV,HappyValley,29.9,33.1,27.8,,,,,,
10/11/2012,ST,ShaTin,24.7,28.3,21.2,,,,,,
14/11/2012,ST,ShaTin,22.3,25.5,19.3,,,,,,
18/11/2012,ST,ShaTin,19.1,20.4,17.3,,,,,,
21/11/2012,HV,HappyValley,23.3,24.8,22.4,,,,,,
25/11/2012,ST,ShaTin,21.1,22.0,19.9,,,,,,
28/11/2012,HV,HappyValley,20.3,21.4,18.5,,,,,,
02/12/2012,ST,ShaTin,15.2,18.1,12.2,,,,,,
05/12/2012,HV,HappyValley,27.1,30.2,24.9,,,,,,
09/12/2012,ST,ShaTin,28.7,32.1,26.5,,,,,,
12/12/2012,HV,HappyValley,18.3,20.6,16.7,,,,,,
16/12/2012,ST,ShaTin,23.2,27.7,20.5,,,,,,
19/12/2012,HV,HappyValley,15.8,18.3,13.7,,,,,,
22/12/2012,ST,ShaTin,17.4,20.9,12.7,,,,,,
28/12/2012,HV,HappyValley,20.5,24.2,17.5,,,,,,
01/01/2013,ST,ShaTin,12.6,17.1,6.7,,,,,,
06/01/2013,ST,ShaTin,30.1,33.3,26.9,,,,,,
09/01/2013,HV,HappyValley,27.4,31.0,24.6,,,,,,
12/01/2013,ST,ShaTin,14.6,21.5,9.0,,,,,,
16/01/2013,HV,HappyValley,17.9,23.2,12.7,,,,,,
20/01/2013,ST,ShaTin,18.2,19.9,15.8,,,,,,
23/01/2013,HV,HappyValley,18.5,21.6,16.8,,,,,,
27/01/2013,ST,ShaTin,16.0,18.7,15.0,,,,,,
30/01/2013,HV,HappyValley,18.9,22.3,16.5,,,,,,
02/02/2013,ST,ShaTin,19.9,27.1,15.8,,,,,,
06/02/2013,HV,HappyValley,30.4,33.9,28.2,,,,,,
12/02/2013,ST,ShaTin,15.0,22.4,8.8,,,,,,
17/02/2013,ST,ShaTin,18.2,21.5,16.1,,,,,,
20/02/2013,HV,HappyValley,17.9,19.7,16.3,,,,,,
24/02/2013,ST,ShaTin,18.1,20.5,15.5,,,,,,
27/02/2013,HV,HappyValley,23.8,27.7,21.6,,,,,,
02/03/2013,ST,ShaTin,19.1,20.2,18.0,,,,,,
06/03/2013,HV,HappyValley,29.9,33.5,28.1,,,,,,
10/03/2013,ST,ShaTin,26.0,30.5,21.9,,,,,,
13/03/2013,HV,HappyValley,23.7,28.7,20.1,,,,,,
17/03/2013,ST,ShaTin,21.2,25.0,17.9,,,,,,
20/03/2013,ST,ShaTin,24.8,29.3,22.1,,,,,,
24/03/2013,ST,ShaTin,23.2,26.3,20.9,,,,,,
27/03/2013,HV,HappyValley,21.6,23.3,19.1,,,,,,
01/04/2013,ST,ShaTin,10.8,12.3,9.5,,,,,,
07/04/2013,ST,ShaTin,29.6,33.0,26.0,,,,,,
10/04/2013,HV,HappyValley,25.9,30.2,23.3,,,,,,
14/04/2013,HV,HappyValley,21.9,26.7,18.8,,,,,,
17/04/2013,HV,HappyValley,25.1,25.9,24.1,,,,,,
20/04/2013,ST,ShaTin,23.5,27.3,21.1,,,,,,
24/04/2013,HV,HappyValley,25.3,29.5,21.8,,,,,,
28/04/2013,ST,ShaTin,22.3,23.5,20.5,,,,,,
01/05/2013,ST,ShaTin,12.8,17.8,9.2,,,,,,
05/05/2013,ST,ShaTin,22.3,23.8,20.7,,,,,,
08/05/2013,HV,HappyValley,29.3,34.1,25.3,,,,,,
11/05/2013,ST,ShaTin,22.0,23.8,20.0,,,,,,
15/05/2013,HV,HappyValley,28.4,30.1,26.5,,,,,,
18/05/2013,ST,ShaTin,28.5,31.7,25.2,,,,,,
22/05/2013,HV,HappyValley,24.9,27.6,23.3,,,,,,
26/05/2013,ST,ShaTin,28.4,31.0,25.6,,,,,,
29/05/2013,HV,HappyValley,29.2,31.9,28.1,,,,,,
02/06/2013,ST,ShaTin,21.1,25.7,18.5,,,,,,
05/06/2013,HV,HappyValley,22.6,23.9,21.3,,,,,,
08/06/2013,ST,ShaTin,29.0,32.7,24.6,,,,,,
12/06/2013,ST,ShaTin,15.1,22.2,9.1,,,,,,
16/06/2013,ST,ShaTin,28.3,29.9,26.6,,,,,,
19/06/2013,HV,HappyValley,30.2,35.3,26.7,,,,,,
23/06/2013,ST,ShaTin,27.9,30.8,26.1,,,,,,
26/06/2013,HV,HappyValley,29.6,32.4,28.5,,,,,,
01/07/2013,ST,ShaTin,15.1,19.9,10.5,,,,,,
04/07/2013,HV,HappyValley,18.0,19.4,16.8,,,,,,
07/07/2013,ST,ShaTin,27.1,31.3,24.5,,,,,,
10/07/2013,HV,HappyValley,29.2,33.2,25.7,,,,,,
08/09/2013,ST,ShaTin,30.3,35.1,25.8,,,,,,
11/09/2013,HV,HappyValley,26.0,28.8,23.0,,,,,,
15/09/2013,ST,ShaTin,28.2,33.6,25.1,,,,,,
17/09/2013,HV,HappyValley,28.3,30.7,27.3,,,,,,
25/09/2013,HV,HappyValley,28.6,31.1,27.0,,,,,,
01/10/2013,ST,ShaTin,13.6,15.9,11.5,,,,,,
06/10/2013,ST,ShaTin,28.6,32.0,26.8,,,,,,
09/10/2013,HV,HappyValley,29.1,32.8,25.8,,,,,,
12/10/2013,ST,ShaTin,19.2,21.2,17.1,,,,,,
16/10/2013,ST,ShaTin,25.5,27.5,23.8,,,,,,
20/10/2013,HV,HappyValley,25.6,29.8,22.7,,,,,,
23/10/2013,HV,HappyValley,25.0,28.9,21.4,,,,,,
27/10/2013,ST,ShaTin,19.8,24.5,15.6,,,,,,
30/10/2013,ST,ShaTin,23.3,26.2,21.2,,,,,,
03/11/2013,ST,ShaTin,19.0,23.1,15.8,,,,,,
06/11/2013,HV,HappyValley,24.6,28.5,23.1,,,,,,
09/11/2013,ST,ShaTin,28.7,31.5,26.8,,,,,,
13/11/2013,HV,HappyValley,21.4,22.1,21.0,,,,,,
17/11/2013,ST,ShaTin,21.0,24.3,17.8,,,,,,
20/11/2013,HV,HappyValley,20.3,22.0,19.7,,,,,,
24/11/2013,ST,ShaTin,22.3,26.1,19.8,,,,,,
27/11/2013,HV,HappyValley,20.7,24.5,16.5,,,,,,
01/12/2013,ST,ShaTin,15.7,18.5,12.9,,,,,,
04/12/2013,HV,HappyValley,17.8,19.8,16.3,,,,,,
08/12/2013,ST,ShaTin,30.6,34.7,26.8,,,,,,
11/12/2013,HV,HappyValley,22.6,23.2,21.6,,,,,,
15/12/2013,ST,ShaTin,15.9,17.0,15.0,,,,,,
18/12/2013,HV,HappyValley,11.7,15.0,9.7,,,,,,
21/12/2013,ST,ShaTin,13.8,15.7,12.4,,,,,,
26/12/2013,HV,HappyValley,15.3,19.7,11.0,,,,,,
29/12/2013,ST,ShaTin,10.6,15.1,6.8,,,,,,
01/01/2014,ST,ShaTin,12.5,20.1,6.4,,,,,,
05/01/2014,ST,ShaTin,22.2,24.0,20.9,,,,,,
08/01/2014,HV,HappyValley,31.3,36.3,26.1,,,,,,
11/01/2014,ST,ShaTin,24.8,30.0,20.7,,,,,,
15/01/2014,HV,HappyValley,13.4,17.1,10.9,,,,,,
19/01/2014,ST,ShaTin,12.8,16.8,9.2,,,,,,
22/01/2014,HV,HappyValley,13.0,18.3,8.0,,,,,,
26/01/2014,ST,ShaTin,18.0,24.2,15.4,,,,,,
02/02/2014,ST,ShaTin,18.5,25.8,13.5,,,,,,
05/02/2014,HV,HappyValley,24.3,28.1,22.4,,,,,,
08/02/2014,ST,ShaTin,29.3,33.7,24.6,,,,,,
12/02/2014,HV,HappyValley,16.5,17.3,15.2,,,,,,
16/02/2014,ST,ShaTin,14.3,15.8,13.1,,,,,,
19/02/2014,HV,HappyValley,10.6,12.8,8.2,,,,,,
23/02/2014,ST,ShaTin,16.0,19.3,13.9,,,,,,
26/02/2014,HV,HappyValley,20.7,24.7,17.6,,,,,,
01/03/2014,ST,ShaTin,18.6,25.0,13.9,,,,,,
05/03/2014,HV,HappyValley,24.8,27.9,23.0,,,,,,
09/03/2014,ST,ShaTin,30.0,33.8,26.4,,,,,,
12/03/2014,HV,HappyValley,18.5,19.7,17.3,,,,,,
16/03/2014,ST,ShaTin,18.0,20.2,15.9,,,,,,
19/03/2014,HV,HappyValley,23.3,28.1,20.0,,,,,,
23/03/2014,ST,ShaTin,18.0,22.1,15.2,,,,,,
26/03/2014,ST,ShaTin,22.5,27.6,18.6,,,,,,
30/03/2014,ST,ShaTin,22.1,25.5,18.8,,,,,,
02/04/2014,HV,HappyValley,17.6,19.4,15.4,,,,,,
06/04/2014,ST,ShaTin,29.6,33.3,25.7,,,,,,
09/04/2014,HV,HappyValley,29.9,34.8,27.2,,,,,,
13/04/2014,ST,ShaTin,25.4,30.8,20.9,,,,,,
16/04/2014,HV,HappyValley,22.6,24.6,21.0,,,,,,
21/04/2014,ST,ShaTin,23.0,24.6,22.1,,,,,,
27/04/2014,ST,ShaTin,25.5,30.3,20.2,,,,,,
30/04/2014,HV,HappyValley,23.8,26.9,22.1,,,,,,
04/05/2014,ST,ShaTin,20.5,25.1,16.0,,,,,,
07/05/2014,HV,HappyValley,31.4,35.6,28.8,,,,,,
10/05/2014,ST,ShaTin,26.7,30.8,23.7,,,,,,
14/05/2014,HV,HappyValley,28.3,30.0,27.2,,,,,,
17/05/2014,ST,ShaTin,27.5,30.8,25.3,,,,,,
21/05/2014,HV,HappyValley,27.3,31.3,23.8,,,,,,
25/05/2014,ST,ShaTin,28.7,32.1,25.9,,,,,,
28/05/2014,HV,HappyValley,29.8,33.6,27.5,,,,,,
01/06/2014,ST,ShaTin,15.7,19.3,11.6,,,,,,
05/06/2014,HV,HappyValley,20.0,20.7,18.6,,,,,,
08/06/2014,ST,ShaTin,28.1,31.3,25.5,,,,,,
11/06/2014,ST,ShaTin,23.8,27.0,20.7,,,,,,
15/06/2014,ST,ShaTin,28.4,32.0,24.9,,,,,,
18/06/2014,ST,ShaTin,29.5,32.3,26.7,,,,,,
22/06/2014,ST,ShaTin,26.4,28.7,24.8,,,,,,
25/06/2014,ST,ShaTin,27.3,29.7,25.5,,,,,,
28/06/2014,ST,ShaTin,29.9,33.4,27.0,,,,,,
01/07/2014,ST,ShaTin,17.5,18.7,16.2,,,,,,
06/07/2014,ST,ShaTin,26.5,29.2,24.6,,,,,,
14/09/2014,ST,ShaTin,29.2,32.8,26.3,,,,,,
17/09/2014,ST,ShaTin,28.1,29.6,27.4,,,,,,
21/09/2014,ST,ShaTin,27.0,29.0,25.0,,,,,,
24/09/2014,ST,ShaTin,27.1,31.1,23.4,,,,,,
27/09/2014,ST,ShaTin,27.6,31.8,24.5,,,,,,
01/10/2014,ST,ShaTin,14.7,16.2,13.4,,,,,,
05/10/2014,ST,ShaTin,23.9,26.4,21.8,,,,,,
08/10/2014,ST,ShaTin,29.7,32.4,28.0,,,,,,
12/10/2014,ST,ShaTin,19.9,21.6,18.5,,,,,,
15/10/2014,ST,ShaTin,24.0,28.2,20.1,,,,,,
19/10/2014,HV,HappyValley,25.6,28.9,23.9,,,,,,
22/10/2014,HV,HappyValley,27.6,32.0,23.3,,,,,,
26/10/2014,ST,ShaTin,25.4,29.0,23.1,,,,,,
29/10/2014,HV,HappyValley,25.3,28.3,22.9,,,,,,
02/11/2014,ST,ShaTin,6.5,7.4,5.7,,,,,,
09/11/2014,ST,ShaTin,28.9,32.9,25.5,,,,,,
12/11/2014,HV,HappyValley,20.2,22.4,17.7,,,,,,
15/11/2014,ST,ShaTin,21.5,25.1,18.7,,,,,,
19/11/2014,HV,HappyValley,21.4,24.4,19.5,,,,,,
23/11/2014,ST,ShaTin,22.9,26.0,21.1,,,,,,
26/11/2014,HV,HappyValley,22.7,24.8,20.6,,,,,,
30/11/2014,ST,ShaTin,24.2,27.0,22.6,,,,,,
03/12/2014,HV,HappyValley,19.1,21.2,15.8,,,,,,
07/12/2014,ST,ShaTin,29.0,32.7,26.6,,,,,,
10/12/2014,HV,HappyValley,28.1,32.4,24.4,,,,,,
14/12/2014,ST,ShaTin,14.7,19.4,10.0,,,,,,
17/12/2014,HV,HappyValley,14.0,17.5,11.3,,,,,,
20/12/2014,ST,ShaTin,14.9,19.0,11.1,,,,,,
28/12/2014,ST,ShaTin,13.7,15.9,11.5,,,,,,
01/01/2015,ST,ShaTin,14.7,20.1,9.1,,,,,,
04/01/2015,ST,ShaTin,24.5,27.7,22.6,,,,,,
07/01/2015,HV,HappyValley,30.5,32.5,29.3,,,,,,
10/01/2015,ST,ShaTin,28.3,31.3,26.6,,,,,,
14/01/2015,HV,HappyValley,14.7,20.2,10.5,,,,,,
18/01/2015,ST,ShaTin,15.8,20.0,11.4,,,,,,
21/01/2015,HV,HappyValley,16.3,22.5,11.2,,,,,,
25/01/2015,ST,ShaTin,18.6,21.3,16.6,,,,,,
28/01/2015,HV,HappyValley,16.8,19.3,16.0,,,,,,
01/02/2015,ST,ShaTin,14.5,18.3,11.9,,,,,,
04/02/2015,HV,HappyValley,25.3,27.0,23.9,,,,,,
07/02/2015,ST,ShaTin,30.8,33.5,29.2,,,,,,
11/02/2015,HV,HappyValley,23.2,27.0,20.2,,,,,,
15/02/2015,ST,ShaTin,18.7,20.0,17.3,,,,,,
21/02/2015,ST,ShaTin,19.5,21.8,17.8,,,,,,
25/02/2015,HV,HappyValley,21.0,23.6,19.9,,,,,,
01/03/2015,ST,ShaTin,14.7,19.4,10.0,,,,,,
04/03/2015,HV,HappyValley,26.2,28.2,24.8,,,,,,
08/03/2015,ST,ShaTin,28.7,33.1,24.9,,,,,,
11/03/2015,HV,HappyValley,23.8,26.2,21.7,,,,,,
15/03/2015,ST,ShaTin,21.0,22.3,19.8,,,,,,
18/03/2015,HV,HappyValley,24.3,27.6,21.8,,,,,,
21/03/2015,ST,ShaTin,21.8,25.5,18.6,,,,,,
25/03/2015,ST,ShaTin,17.7,18.7,16.7,,,,,,
29/03/2015,ST,ShaTin,21.5,25.9,17.9,,,,,,
01/04/2015,HV,HappyValley,18.0,22.2,14.7,,,,,,
07/04/2015,ST,ShaTin,30.2,33.3,27.6,,,,,,
12/04/2015,ST,ShaTin,18.3,19.3,17.4,,,,,,
15/04/2015,HV,HappyValley,20.7,26.7,15.1,,,,,,
19/04/2015,ST,ShaTin,26.9,28.0,26.1,,,,,,
22/04/2015,HV,HappyValley,23.1,26.0,21.6,,,,,,
26/04/2015,ST,ShaTin,23.4,26.5,21.4,,,,,,
29/04/2015,HV,HappyValley,26.6,30.6,23.5,,,,,,
03/05/2015,ST,ShaTin,15.9,16.8,15.3,,,,,,
06/05/2015,HV,HappyValley,29.5,32.0,28.2,,,,,,
09/05/2015,ST,ShaTin,29.1,33.1,25.3,,,,,,
13/05/2015,HV,HappyValley,26.9,29.5,25.3,,,,,,
16/05/2015,ST,ShaTin,26.3,28.6,23.6,,,,,,
20/05/2015,HV,HappyValley,27.9,29.3,25.3,,,,,,
24/05/2015,ST,ShaTin,25.8,29.6,23.7,,,,,,
27/05/2015,ST,ShaTin,28.3,31.4,25.4,,,,,,
31/05/2015,ST,ShaTin,28.5,32.1,25.7,,,,,,
03/06/2015,HV,HappyValley,17.1,17.7,16.7,,,,,,
07/06/2015,ST,ShaTin,29.7,32.5,27.2,,,,,,
10/06/2015,HV,HappyValley,27.2,28.5,26.0,,,,,,
14/06/2015,ST,ShaTin,29.8,33.2,27.3,,,,,,
17/06/2015,HV,HappyValley,30.3,34.1,28.6,,,,,,
21/06/2015,ST,ShaTin,28.9,32.3,26.4,,,,,,
24/06/2015,HV,HappyValley,28.5,30.3,26.3,,,,,,
27/06/2015,ST,ShaTin,30.7,33.4,28.8,,,,,,
01/07/2015,ST,ShaTin,17.3,19.0,15.3,,,,,,
05/07/2015,ST,ShaTin,27.9,31.4,25.3,,,,,,
08/07/2015,HV,HappyValley,31.6,36.0,27.7,,,,,,
12/07/2015,ST,ShaTin,16.1,19.3,13.2,,,,,,
06/09/2015,ST,ShaTin,30.3,32.7,27.9,,,,,,
09/09/2015,HV,HappyValley,28.0,31.2,26.5,,,,,,
13/09/2015,ST,ShaTin,27.5,30.6,25.3,,,,,,
16/09/2015,HV,HappyValley,28.4,30.5,27.2,,,,,,
19/09/2015,ST,ShaTin,27.7,31.3,24.8,,,,,,
23/09/2015,HV,HappyValley,28.8,32.8,25.7,,,,,,
28/09/2015,ST,ShaTin,29.0,32.8,25.3,,,,,,
01/10/2015,ST,ShaTin,14.8,20.2,9.8,,,,,,
04/10/2015,ST,ShaTin,16.6,17.7,15.1,,,,,,
07/10/2015,HV,HappyValley,28.9,33.5,25.9,,,,,,
10/10/2015,ST,ShaTin,23.7,26.3,20.3,,,,,,
14/10/2015,HV,HappyValley,24.9,28.8,23.1,,,,,,
18/10/2015,ST,ShaTin,23.9,29.4,19.8,,,,,,
22/10/2015,HV,HappyValley,26.9,32.4,23.7,,,,,,
25/10/2015,ST,ShaTin,26.1,28.0,25.1,,,,,,
01/11/2015,HV,HappyValley,17.0,20.0,15.0,,,,,,
08/11/2015,ST,ShaTin,29.0,32.8,26.0,,,,,,
11/11/2015,HV,HappyValley,23.7,25.9,21.9,,,,,,
14/11/2015,ST,ShaTin,23.8,27.3,20.7,,,,,,
18/11/2015,ST,ShaTin,25.5,30.2,22.1,,,,,,
21/11/2015,ST,ShaTin,24.8,26.5,23.2,,,,,,
25/11/2015,HV,HappyValley,22.9,27.1,18.3,,,,,,
29/11/2015,ST,ShaTin,21.6,25.5,18.5,,,,,,
02/12/2015,HV,HappyValley,17.0,22.3,12.6,,,,,,
06/12/2015,ST,ShaTin,29.6,32.5,26.1,,,,,,
09/12/2015,HV,HappyValley,28.0,31.0,25.8,,,,,,
13/12/2015,ST,ShaTin,20.1,21.1,19.5,,,,,,
16/12/2015,HV,HappyValley,15.7,18.9,13.7,,,,,,
19/12/2015,ST,ShaTin,15.3,19.4,10.0,,,,,,
23/12/2015,HV,HappyValley,21.4,23.7,18.2,,,,,,
27/12/2015,ST,ShaTin,16.6,17.4,14.9,,,,,,
01/01/2016,ST,ShaTin,18.1,21.8,15.6,,,,,,
06/01/2016,HV,HappyValley,29.9,32.8,28.8,,,,,,
09/01/2016,ST,ShaTin,28.2,30.2,25.5,,,,,,
13/01/2016,HV,HappyValley,16.5,20.2,13.7,,,,,,
17/01/2016,ST,ShaTin,17.5,19.9,14.2,,,,,,
20/01/2016,HV,HappyValley,15.6,17.1,15.1,,,,,,
24/01/2016,ST,ShaTin,4.5,6.5,2.9,,,,,,
31/01/2016,ST,ShaTin,15.5,16.0,15.0,,,,,,
03/02/2016,HV,HappyValley,16.5,21.3,14.3,,,,,,
06/02/2016,ST,ShaTin,30.2,32.8,28.6,,,,,,
10/02/2016,ST,ShaTin,27.4,30.8,24.2,,,,,,
14/02/2016,ST,ShaTin,21.0,27.3,15.9,,,,,,
17/02/2016,HV,HappyValley,12.7,14.3,10.9,,,,,,
21/02/2016,ST,ShaTin,14.4,15.1,12.2,,,,,,
24/02/2016,HV,HappyValley,14.2,16.4,12.5,,,,,,
28/02/2016,ST,ShaTin,15.3,21.7,9.5,,,,,,
02/03/2016,HV,HappyValley,12.8,14.4,11.1,,,,,,
06/03/2016,ST,ShaTin,30.4,32.7,29.0,,,,,,
09/03/2016,HV,HappyValley,28.2,31.5,25.5,,,,,,
13/03/2016,ST,ShaTin,15.9,17.3,14.0,,,,,,
16/03/2016,HV,HappyValley,15.6,16.9,14.0,,,,,,
20/03/2016,ST,ShaTin,19.2,22.2,17.6,,,,,,
23/03/2016,HV,HappyValley,19.3,22.2,17.5,,,,,,
28/03/2016,ST,ShaTin,15.5,19.7,10.7,,,,,,
31/03/2016,HV,HappyValley,22.0,27.3,17.9,,,,,,
03/04/2016,ST,ShaTin,19.5,24.5,15.9,,,,,,
06/04/2016,ST,ShaTin,28.8,33.9,25.4,,,,,,
10/04/2016,ST,ShaTin,27.7,30.4,25.9,,,,,,
13/04/2016,HV,HappyValley,22.6,25.2,21.3,,,,,,
16/04/2016,ST,ShaTin,24.9,29.1,20.7,,,,,,
20/04/2016,HV,HappyValley,22.3,24.5,20.2,,,,,,
24/04/2016,ST,ShaTin,24.4,28.9,22.2,,,,,,
27/04/2016,HV,HappyValley,27.0,30.5,25.5,,,,,,
01/05/2016,ST,ShaTin,20.4,21.8,18.5,,,,,,
04/05/2016,HV,HappyValley,22.9,27.0,19.2,,,,,,
07/05/2016,ST,ShaTin,28.5,31.6,24.9,,,,,,
11/05/2016,HV,HappyValley,22.8,27.6,19.3,,,,,,
14/05/2016,ST,ShaTin,25.5,27.9,24.1,,,,,,
18/05/2016,HV,HappyValley,25.1,27.5,23.7,,,,,,
22/05/2016,ST,ShaTin,27.0,30.5,24.5,,,,,,
29/05/2016,ST,ShaTin,28.4,31.9,25.0,,,,,,
01/06/2016,HV,HappyValley,21.9,26.6,19.0,,,,,,
05/06/2016,ST,ShaTin,28.5,30.8,25.6,,,,,,
09/06/2016,HV,HappyValley,26.7,29.1,25.7,,,,,,
12/06/2016,ST,ShaTin,20.4,22.9,19.0,,,,,,
15/06/2016,HV,HappyValley,30.1,31.3,29.2,,,,,,
19/06/2016,ST,ShaTin,29.9,33.6,26.4,,,,,,
22/06/2016,HV,HappyValley,30.5,33.8,27.4,,,,,,
26/06/2016,ST,ShaTin,31.0,34.3,28.2,,,,,,
01/07/2016,ST,ShaTin,18.1,21.3,16.4,,,,,,
06/07/2016,HV,HappyValley,28.5,32.9,25.6,,,,,,
10/07/2016,ST,ShaTin,28.1,30.4,24.9,,,,,,
03/09/2016,ST,ShaTin,20.6,22.9,16.9,,,,,,
07/09/2016,HV,HappyValley,32.2,37.9,26.8,,,,,,
11/09/2016,ST,ShaTin,19.5,21.0,17.0,,,,,,
18/09/2016,ST,ShaTin,28.6,32.8,24.2,,,,,,
21/09/2016,HV,HappyValley,28.0,31.2,25.7,,,,,,
25/09/2016,ST,ShaTin,28.2,32.1,26.1,,,,,,
28/09/2016,HV,HappyValley,31.0,32.5,29.3,,,,,,
01/10/2016,ST,ShaTin,17.7,18.4,17.2,,,,,,
05/10/2016,HV,HappyValley,26.9,28.7,23.4,,,,,,
08/10/2016,ST,ShaTin,26.5,28.1,24.2,,,,,,
12/10/2016,HV,HappyValley,21.5,25.8,17.8,,,,,,
16/10/2016,ST,ShaTin,28.0,31.4,25.7,,,,,,
19/10/2016,HV,HappyValley,26.1,27.2,24.8,,,,,,
23/10/2016,ST,ShaTin,26.3,30.0,23.4,,,,,,
26/10/2016,HV,HappyValley,27.2,30.4,25.0,,,,,,
30/10/2016,HV,HappyValley,24.8,27.0,23.0,,,,,,
02/11/2016,ST,ShaTin,19.3,25.1,16.3,,,,,,
06/11/2016,ST,ShaTin,26.4,27.6,25.3,,,,,,
09/11/2016,HV,HappyValley,28.3,33.0,24.7,,,,,,
12/11/2016,ST,ShaTin,20.3,22.5,18.7,,,,,,
16/11/2016,HV,HappyValley,24.9,26.5,23.3,,,,,,
20/11/2016,ST,ShaTin,25.4,28.1,23.7,,,,,,
23/11/2016,HV,HappyValley,21.0,22.4,17.5,,,,,,
27/11/2016,ST,ShaTin,15.4,19.6,11.1,,,,,,
30/11/2016,HV,HappyValley,20.4,24.6,16.1,,,,,,
04/12/2016,ST,ShaTin,20.4,22.0,19.7,,,,,,
07/12/2016,HV,HappyValley,28.3,29.9,27.1,,,,,,
11/12/2016,ST,ShaTin,23.1,26.4,20.4,,,,,,
14/12/2016,HV,HappyValley,22.2,25.4,19.0,,,,,,
17/12/2016,ST,ShaTin,15.7,18.4,10.4,,,,,,
22/12/2016,HV,HappyValley,23.3,27.7,19.9,,,,,,
27/12/2016,ST,ShaTin,15.7,20.5,11.2,,,,,,
01/01/2017,ST,ShaTin,19.3,22.7,17.0,,,,,,
04/01/2017,HV,HappyValley,18.9,24.5,15.7,,,,,,
08/01/2017,ST,ShaTin,30.9,33.5,29.1,,,,,,
11/01/2017,HV,HappyValley,23.3,28.6,20.6,,,,,,
14/01/2017,ST,ShaTin,14.3,15.5,12.8,,,,,,
18/01/2017,ST,ShaTin,18.4,19.7,17.4,,,,,,
22/01/2017,ST,ShaTin,15.3,19.9,12.5,,,,,,
25/01/2017,HV,HappyValley,18.1,22.9,15.7,,,,,,
30/01/2017,ST,ShaTin,20.2,23.0,16.7,,,,,,
02/02/2017,HV,HappyValley,16.8,17.9,16.1,,,,,,
05/02/2017,ST,ShaTin,25.9,29.2,23.4,,,,,,
08/02/2017,HV,HappyValley,29.9,33.7,28.9,,,,,,
11/02/2017,ST,ShaTin,22.4,28.2,17.3,,,,,,
15/02/2017,HV,HappyValley,17.2,21.3,15.0,,,,,,
19/02/2017,ST,ShaTin,17.6,19.1,16.0,,,,,,
22/02/2017,HV,HappyValley,20.0,23.3,16.6,,,,,,
26/02/2017,ST,ShaTin,13.3,16.7,9.7,,,,,,
01/03/2017,ST,ShaTin,18.9,22.9,15.4,,,,,,
05/03/2017,ST,ShaTin,27.5,30.4,25.7,,,,,,
08/03/2017,HV,HappyValley,28.0,30.5,25.0,,,,,,
12/03/2017,ST,ShaTin,20.2,24.6,17.4,,,,,,
15/03/2017,HV,HappyValley,17.1,17.8,16.2,,,,,,
19/03/2017,ST,ShaTin,20.0,21.1,19.2,,,,,,
22/03/2017,HV,HappyValley,19.0,20.2,17.5,,,,,,
26/03/2017,ST,ShaTin,15.0,16.1,12.8,,,,,,
29/03/2017,HV,HappyValley,22.2,24.9,20.4,,,,,,
02/04/2017,ST,ShaTin,18.1,22.1,15.0,,,,,,
05/04/2017,ST,ShaTin,24.7,27.8,22.2,,,,,,
09/04/2017,ST,ShaTin,26.6,28.0,25.4,,,,,,
12/04/2017,HV,HappyValley,20.5,24.6,16.7,,,,,,
17/04/2017,ST,ShaTin,26.4,31.9,22.3,,,,,,
20/04/2017,HV,HappyValley,26.1,27.5,24.8,,,,,,
23/04/2017,ST,ShaTin,20.4,22.0,19.4,,,,,,
26/04/2017,HV,HappyValley,24.7,28.3,22.3,,,,,,
30/04/2017,ST,ShaTin,22.5,27.5,17.8,,,,,,
03/05/2017,HV,HappyValley,20.9,25.6,17.0,,,,,,
07/05/2017,ST,ShaTin,28.6,31.3,25.9,,,,,,
10/05/2017,HV,HappyValley,28.8,30.8,27.7,,,,,,
13/05/2017,ST,ShaTin,25.3,27.3,23.7,,,,,,
17/05/2017,HV,HappyValley,26.0,30.7,22.2,,,,,,
21/05/2017,ST,ShaTin,24.1,25.5,22.7,,,,,,
24/05/2017,HV,HappyValley,25.7,27.1,24.4,,,,,,
28/05/2017,ST,ShaTin,26.7,30.9,24.3,,,,,,
31/05/2017,ST,ShaTin,28.4,33.0,24.0,,,,,,
04/06/2017,ST,ShaTin,23.2,25.2,21.8,,,,,,
07/06/2017,HV,HappyValley,28.1,31.0,26.7,,,,,,
11/06/2017,ST,ShaTin,23.3,25.6,21.4,,,,,,
14/06/2017,HV,HappyValley,28.7,30.3,25.5,,,,,,
18/06/2017,ST,ShaTin,26.4,28.6,24.7,,,,,,
21/06/2017,HV,HappyValley,27.6,28.9,25.6,,,,,,
25/06/2017,ST,ShaTin,29.6,32.4,27.1,,,,,,
28/06/2017,HV,HappyValley,30.2,33.6,28.3,,,,,,
01/07/2017,ST,ShaTin,21.3,25.0,18.9,,,,,,
09/07/2017,ST,ShaTin,27.8,31.6,25.5,,,,,,
12/07/2017,HV,HappyValley,19.9,23.0,17.5,,,,,,
16/07/2017,ST,ShaTin,28.5,29.9,26.6,,,,,,
03/09/2017,ST,ShaTin,16.5,18.6,14.7,,,,,,
06/09/2017,HV,HappyValley,29.9,32.3,27.5,,,,,,
10/09/2017,ST,ShaTin,30.2,32.3,28.2,,,,,,
13/09/2017,HV,HappyValley,30.4,34.1,28.2,,,,,,
16/09/2017,ST,ShaTin,30.2,35.3,26.0,,,,,,
20/09/2017,HV,HappyValley,29.3,33.2,27.0,,,,,,
24/09/2017,ST,ShaTin,29.5,31.1,27.8,,,,,,
27/09/2017,HV,HappyValley,30.2,34.8,26.4,,,,,,
01/10/2017,ST,ShaTin,19.1,21.0,18.0,,,,,,
05/10/2017,HV,HappyValley,27.6,31.2,24.4,,,,,,
08/10/2017,ST,ShaTin,29.7,32.1,27.2,,,,,,
11/10/2017,HV,HappyValley,25.7,31.0,22.8,,,,,,
14/10/2017,ST,ShaTin,24.3,25.6,21.8,,,,,,
18/10/2017,HV,HappyValley,27.2,31.4,24.8,,,,,,
22/10/2017,ST,ShaTin,22.8,26.6,19.7,,,,,,
25/10/2017,HV,HappyValley,24.3,26.7,22.6,,,,,,
29/10/2017,HV,HappyValley,25.1,29.2,21.8,,,,,,
01/11/2017,ST,ShaTin,19.0,20.8,17.4,,,,,,
05/11/2017,ST,ShaTin,27.1,30.4,24.9,,,,,,
08/11/2017,HV,HappyValley,29.9,32.0,28.3,,,,,,
11/11/2017,ST,ShaTin,24.6,27.6,22.5,,,,,,
15/11/2017,HV,HappyValley,23.6,25.1,22.9,,,,,,
19/11/2017,ST,ShaTin,19.1,19.9,17.6,,,,,,
22/11/2017,HV,HappyValley,20.7,24.7,17.7,,,,,,
26/11/2017,ST,ShaTin,19.3,22.5,17.1,,,,,,
29/11/2017,HV,HappyValley,24.2,28.4,21.5,,,,,,
03/12/2017,ST,ShaTin,19.1,20.4,17.3,,,,,,
06/12/2017,HV,HappyValley,28.2,31.6,25.7,,,,,,
10/12/2017,ST,ShaTin,29.6,33.3,26.4,,,,,,
13/12/2017,HV,HappyValley,18.8,19.6,18.1,,,,,,
17/12/2017,ST,ShaTin,11.9,14.0,10.1,,,,,,
20/12/2017,HV,HappyValley,16.3,21.0,12.7,,,,,,
23/12/2017,ST,ShaTin,19.0,22.0,16.8,,,,,,
27/12/2017,HV,HappyValley,18.1,21.3,16.2,,,,,,
01/01/2018,ST,ShaTin,17.1,19.1,15.8,,,,,,
07/01/2018,ST,ShaTin,30.1,32.9,27.4,,,,,,
10/01/2018,HV,HappyValley,26.9,31.1,23.5,,,,,,
13/01/2018,ST,ShaTin,12.2,15.7,8.3,,,,,,
17/01/2018,HV,HappyValley,18.4,26.6,12.1,,,,,,
21/01/2018,ST,ShaTin,18.5,21.5,16.5,,,,,,
24/01/2018,ST,ShaTin,17.9,19.6,16.5,,,,,,
28/01/2018,ST,ShaTin,15.4,17.9,10.1,,,,,,
31/01/2018,HV,HappyValley,9.9,11.1,8.1,,,,,,
04/02/2018,ST,ShaTin,23.4,29.5,18.5,,,,,,
07/02/2018,HV,HappyValley,29.6,31.3,26.3,,,,,,
10/02/2018,ST,ShaTin,25.7,29.7,22.2,,,,,,
14/02/2018,HV,HappyValley,16.9,19.5,13.4,,,,,,
18/02/2018,ST,ShaTin,18.4,20.5,16.4,,,,,,
21/02/2018,HV,HappyValley,18.3,19.8,16.6,,,,,,
25/02/2018,ST,ShaTin,19.8,24.2,17.0,,,,,,
28/02/2018,ST,ShaTin,21.3,27.0,18.1,,,,,,
03/03/2018,ST,ShaTin,21.9,23.6,20.0,,,,,,
07/03/2018,HV,HappyValley,29.6,30.7,28.3,,,,,,
11/03/2018,ST,ShaTin,20.9,22.8,18.3,,,,,,
14/03/2018,HV,HappyValley,20.6,21.9,19.7,,,,,,
18/03/2018,ST,ShaTin,20.8,24.9,19.0,,,,,,
21/03/2018,HV,HappyValley,18.9,24.6,14.4,,,,,,
25/03/2018,ST,ShaTin,21.7,25.1,19.5,,,,,,
28/03/2018,HV,HappyValley,22.4,27.6,19.5,,,,,,
02/04/2018,ST,ShaTin,9.8,11.7,8.1,,,,,,
08/04/2018,ST,ShaTin,29.4,33.5,26.2,,,,,,
11/04/2018,HV,HappyValley,23.7,25.2,21.7,,,,,,
15/04/2018,ST,ShaTin,20.7,25.8,17.4,,,,,,
18/04/2018,HV,HappyValley,22.4,25.5,20.8,,,,,,
21/04/2018,ST,ShaTin,24.3,26.7,22.8,,,,,,
25/04/2018,HV,HappyValley,23.4,24.2,22.2,,,,,,
29/04/2018,ST,ShaTin,25.4,29.1,23.4,,,,,,
02/05/2018,ST,ShaTin,9.3,11.4,7.1,,,,,,
09/05/2018,HV,HappyValley,30.1,34.6,26.9,,,,,,
12/05/2018,ST,ShaTin,22.7,24.0,22.0,,,,,,
16/05/2018,HV,HappyValley,28.3,31.2,24.8,,,,,,
20/05/2018,ST,ShaTin,30.1,34.1,26.9,,,,,,
23/05/2018,HV,HappyValley,30.9,36.3,27.1,,,,,,
27/05/2018,ST,ShaTin,30.4,33.6,27.6,,,,,,
30/05/2018,ST,ShaTin,31.4,36.4,28.9,,,,,,
03/06/2018,ST,ShaTin,19.0,22.4,17.7,,,,,,
06/06/2018,HV,HappyValley,27.6,29.0,26.4,,,,,,
10/06/2018,ST,ShaTin,25.3,30.3,19.5,,,,,,
13/06/2018,HV,HappyValley,26.8,29.2,25.6,,,,,,
16/06/2018,ST,ShaTin,28.4,31.4,26.8,,,,,,
24/06/2018,ST,ShaTin,28.7,31.6,26.2,,,,,,
27/06/2018,HV,HappyValley,29.4,32.4,26.1,,,,,,
01/07/2018,ST,ShaTin,17.3,18.4,15.3,,,,,,
04/07/2018,HV,HappyValley,18.0,20.3,16.1,,,,,,
08/07/2018,ST,ShaTin,29.2,32.8,26.6,,,,,,
11/07/2018,HV,HappyValley,25.3,28.1,23.3,,,,,,
15/07/2018,ST,ShaTin,27.3,29.4,25.0,,,,,,
02/09/2018,ST,ShaTin,15.7,17.8,13.5,,,,,,
05/09/2018,HV,HappyValley,24.8,26.0,23.2,,,,,,
09/09/2018,ST,ShaTin,27.2,30.4,24.8,,,,,,
12/09/2018,HV,HappyValley,,,,,,,,,
22/09/2018,ST,ShaTin,28.2,32.0,24.4,,,,,,
26/09/2018,HV,HappyValley,26.6,29.7,25.0,,,,,,
01/10/2018,ST,ShaTin,13.4,16.0,10.7,,,,,,
03/10/2018,HV,HappyValley,16.0,20.6,12.1,,,,,,
07/10/2018,ST,ShaTin,28.8,32.1,26.2,,,,,,
10/10/2018,HV,HappyValley,24.5,29.1,23.1,,,,,,
13/10/2018,ST,ShaTin,24.3,27.0,22.1,,,,,,
18/10/2018,HV,HappyValley,22.8,24.4,21.0,,,,,,
21/10/2018,ST,ShaTin,24.4,27.7,22.1,,,,,,
24/10/2018,HV,HappyValley,25.2,27.7,23.4,,,,,,
28/10/2018,HV,HappyValley,23.7,28.7,19.4,,,,,,
31/10/2018,ST,ShaTin,24.9,26.6,22.4,,,,,,
04/11/2018,ST,ShaTin,23.7,29.1,19.9,,,,,,
07/11/2018,HV,HappyValley,29.6,34.1,25.7,,,,,,
10/11/2018,ST,ShaTin,22.7,24.2,21.5,,,,,,
14/11/2018,HV,HappyValley,23.5,26.2,22.7,,,,,,
18/11/2018,ST,ShaTin,23.5,25.4,22.4,,,,,,
21/11/2018,HV,HappyValley,24.5,28.9,21.8,,,,,,
25/11/2018,ST,ShaTin,19.2,21.4,17.1,,,,,,
28/11/2018,HV,HappyValley,20.7,22.0,19.3,,,,,,
02/12/2018,ST,ShaTin,14.1,19.2,10.3,,,,,,
05/12/2018,HV,HappyValley,26.7,31.1,24.1,,,,,,
09/12/2018,ST,ShaTin,27.7,29.7,25.8,,,,,,
12/12/2018,HV,HappyValley,,,,,,,,,
16/12/2018,ST,ShaTin,18.3,20.0,15.9,,,,,,
19/12/2018,ST,ShaTin,19.6,21.1,17.7,,,,,,
23/12/2018,ST,ShaTin,19.3,22.0,16.7,,,,,,
26/12/2018,HV,HappyValley,,,,,,,,,
29/12/2018,ST,ShaTin,13.0,15.7,11.4,,,,,,
01/01/2019,ST,ShaTin,12.7,16.8,9.3,,,,,,
06/01/2019,ST,ShaTin,27.2,30.7,24.6,,,,,,
09/01/2019,HV,HappyValley,28.8,32.8,27.0,,,,,,
12/01/2019,ST,ShaTin,20.9,26.9,15.7,84,50,15.9,0.0,2,5
16/01/2019,HV,HappyValley,17.8,20.2,15.7,,,,,,
20/01/2019,ST,ShaTin,20.5,25.2,17.3,,,,,,
23/01/2019,HV,HappyValley,15.5,19.9,11.0,,,,,,
27/01/2019,ST,ShaTin,16.5,20.1,14.6,,,,,,
30/01/2019,HV,HappyValley,19.4,22.0,16.5,,,,,,
02/02/2019,ST,ShaTin,18.2,20.9,16.5,,,,,,
07/02/2019,ST,ShaTin,29.0,32.2,25.9,,,,,,
10/02/2019,ST,ShaTin,29.5,33.8,26.2,82,59,25.6,0.0,4,8
13/02/2019,HV,HappyValley,21.4,26.3,17.9,,,,,,
17/02/2019,ST,ShaTin,18.5,19.9,17.6,,,,,,
20/02/2019,HV,HappyValley,23.4,26.2,21.2,,,,,,
24/02/2019,ST,ShaTin,15.5,18.1,12.3,,,,,,
27/02/2019,HV,HappyValley,21.4,25.9,18.7,,,,,,
02/03/2019,ST,ShaTin,21.5,26.0,18.2,,,,,,
06/03/2019,HV,HappyValley,27.2,29.2,25.2,,,,,,
10/03/2019,ST,ShaTin,28.7,32.9,25.4,78,52,25.4,0.0,4,9
13/03/2019,HV,HappyValley,21.1,25.0,18.0,,,,,,
17/03/2019,ST,ShaTin,20.7,21.8,19.7,,,,,,
20/03/2019,HV,HappyValley,24.2,27.2,22.1,,,,,,
24/03/2019,ST,ShaTin,16.7,17.9,15.2,,,,,,
27/03/2019,HV,HappyValley,22.5,26.9,20.4,,,,,,
31/03/2019,ST,ShaTin,21.6,23.0,20.5,,,,,,
03/04/2019,ST,ShaTin,20.2,23.1,18.1,,,,,,
07/04/2019,ST,ShaTin,28.8,32.1,26.4,,,,,,
10/04/2019,HV,HappyValley,28.2,32.9,24.8,77,61,24.7,0.0,3,7
14/04/2019,ST,ShaTin,22.9,24.6,22.3,,,,,,
17/04/2019,HV,HappyValley,23.6,27.0,20.8,,,,,,
22/04/2019,ST,ShaTin,27.6,30.9,24.9,,,,,,
24/04/2019,HV,HappyValley,27.8,30.9,26.1,,,,,,
28/04/2019,ST,ShaTin,24.5,26.6,22.7,,,,,,
01/05/2019,HV,HappyValley,20.9,25.2,19.2,,,,,,
05/05/2019,ST,ShaTin,21.6,22.2,20.6,,,,,,
08/05/2019,ST,ShaTin,29.8,33.9,26.0,,,,,,
11/05/2019,ST,ShaTin,23.3,27.0,19.1,75,43,18.9,0.0,3,6
15/05/2019,HV,HappyValley,28.5,31.0,26.6,,,,,,
18/05/2019,ST,ShaTin,30.1,32.9,28.5,,,,,,
22/05/2019,HV,HappyValley,26.0,30.4,22.4,,,,,,
26/05/2019,ST,ShaTin,26.6,29.5,24.9,,,,,,
29/05/2019,HV,HappyValley,25.0,25.9,23.9,,,,,,
02/06/2019,ST,ShaTin,22.6,26.7,19.7,,,,,,
05/06/2019,HV,HappyValley,21.8,22.9,20.4,,,,,,
08/06/2019,ST,ShaTin,29.9,32.2,28.6,,,,,,
12/06/2019,ST,ShaTin,16.8,20.0,14.3,49,33,9.9,0.3,2,6
16/06/2019,ST,ShaTin,***,***,***,,,,,,
23/06/2019,ST,ShaTin,30.3,31.8,29.2,,,,,,
26/06/2019,HV,HappyValley,28.9,32.5,26.6,,,,,,
01/07/2019,ST,ShaTin,18.3,19.8,17.1,,,,,,
03/07/2019,HV,HappyValley,18.2,20.7,16.2,,,,,,
07/07/2019,ST,ShaTin,29.9,31.5,28.3,,,,,,
10/07/2019,HV,HappyValley,26.9,28.9,23.9,96,77,22.8,17.9,3,7
14/07/2019,ST,ShaTin,30.2,32.3,29.1,,,,,,
01/09/2019,ST,ShaTin,17.7,19.7,16.7,,,,,,
08/09/2019,ST,ShaTin,32.3,37.0,28.4,,,,,,
11/09/2019,HV,HappyValley,22.5,25.7,19.4,76,52,17.7,0.0,3,6
15/09/2019,ST,ShaTin,28.9,32.6,25.8,95,62,25.9,11.0,3,9
21/09/2019,ST,ShaTin,29.3,32.1,26.9,50,35,22.6,0.0,5,9
25/09/2019,HV,HappyValley,26.8,31.4,23.4,78,53,24.1,0.0,3,8
01/10/2019,ST,ShaTin,19.2,21.7,17.1,,,,,,
06/10/2019,ST,ShaTin,28.8,31.9,24.4,,,,,,
09/10/2019,HV,HappyValley,30.5,35.0,27.8,85,59,27.3,0.0,5,10
12/10/2019,ST,ShaTin,16.7,22.2,12.0,79,54,12.1,0.0,2,5
16/10/2019,HV,HappyValley,25.7,29.3,23.7,85,56,22.5,0.0,4,8
20/10/2019,ST,ShaTin,24.9,28.6,22.2,93,62,23.5,3.5,3,7
23/10/2019,HV,HappyValley,25.0,28.6,21.7,80,59,22.2,0.0,3,7
27/10/2019,ST,ShaTin,25.2,28.4,23.4,83,66,23.6,0.0,2,6
30/10/2019,HV,HappyValley,24.1,26.8,20.9,68,53,20.0,0.0,3,7
03/11/2019,ST,ShaTin,17.5,22.5,14.8,,,,,,
06/11/2019,HV,HappyValley,27.5,30.6,24.0,,,,,,
09/11/2019,ST,ShaTin,30.0,33.4,27.4,86,59,27.5,0.0,5,10
17/11/2019,ST,ShaTin,22.4,27.4,18.5,87,66,18.9,0.0,3,6
20/11/2019,HV,HappyValley,20.9,25.2,18.1,74,55,17.2,0.0,2,6
23/11/2019,ST,ShaTin,22.4,28.0,18.1,85,62,18.4,0.0,2,6
27/11/2019,HV,HappyValley,22.2,24.9,20.7,86,66,19.9,0.0,3,5
01/12/2019,ST,ShaTin,21.5,26.4,18.1,,,,,,
04/12/2019,HV,HappyValley,22.3,24.8,21.1,,,,,,
08/12/2019,ST,ShaTin,30.9,33.8,28.7,,,,,,
11/12/2019,HV,HappyValley,23.1,25.7,21.7,83,69,19.7,0.0,2,5
15/12/2019,ST,ShaTin,19.4,20.8,17.9,85,76,15.9,0.0,1,4
18/12/2019,HV,HappyValley,22.2,28.1,18.6,89,66,18.0,0.0,2,6
21/12/2019,ST,ShaTin,18.9,22.2,15.9,96,71,17.3,1.4,2,5
26/12/2019,HV,HappyValley,21.3,27.1,16.9,88,61,15.3,0.0,2,5
29/12/2019,ST,ShaTin,18.1,19.4,16.8,97,79,16.9,9.3,0.8,3
01/01/2020,ST,ShaTin,17.5,18.6,16.7,86,75,16.6,0.0,1,3
05/01/2020,ST,ShaTin,25.3,29.5,22.1,89,66,21.9,0.0,4,11
08/01/2020,HV,HappyValley,28.0,30.2,26.1,91,81,25.5,28.3,3,10
11/01/2020,ST,ShaTin,23.7,28.1,20.8,81,61,21.1,0.0,3,6
15/01/2020,HV,HappyValley,19.6,21.9,17.9,89,70,15.8,0.1,2,6
19/01/2020,ST,ShaTin,17.2,19.4,14.8,83,67,15.6,0.0,2,5
22/01/2020,HV,HappyValley,20.8,24.9,17.8,89,72,17.2,0.0,2,5
27/01/2020,ST,ShaTin,12.2,15.9,10.0,77,59,11.0,0.2,2,5
29/01/2020,HV,HappyValley,14.3,18.1,11.2,67,43,10.6,0.0,2,5
02/02/2020,ST,ShaTin,16.9,18.8,15.5,82,70,13.0,0.0,2,6
05/02/2020,HV,HappyValley,26.0,29.6,22.9,90,60,22.6,0.0,5,10
08/02/2020,ST,ShaTin,27.7,29.6,26.2,94,81,26.0,25.6,3,6
12/02/2020,HV,HappyValley,20.3,24.4,16.8,75,55,15.7,0.0,3,6
16/02/2020,ST,ShaTin,13.9,21.3,10.1,96,65,14.6,25.5,2,5
19/02/2020,ST,ShaTin,15.6,18.7,11.8,80,54,12.3,0.0,2,6
23/02/2020,ST,ShaTin,19.7,24.4,16.8,84,56,15.8,0.0,3,8
26/02/2020,HV,HappyValley,22.8,29.1,17.8,94,63,17.9,0.0,4,8
01/03/2020,ST,ShaTin,18.4,23.5,14.4,88,70,15.8,0.0,2,5
04/03/2020,HV,HappyValley,20.5,21.4,19.3,94,84,18.8,0.6,1,3
08/03/2020,ST,ShaTin,26.4,28.3,25.3,97,87,26.0,46.9,2,7
11/03/2020,HV,HappyValley,23.9,27.3,21.8,83,60,20.7,0.1,2,6
14/03/2020,ST,ShaTin,20.9,25.2,19.0,95,61,18.5,0.4,3,7
18/03/2020,HV,HappyValley,20.3,22.2,19.2,95,77,18.3,10.7,0.6,2
22/03/2020,ST,ShaTin,24.2,28.9,21.0,96,63,20.0,0.0,4,9
25/03/2020,HV,HappyValley,23.0,27.2,21.1,89,69,20.9,0.0,3,8
29/03/2020,ST,ShaTin,19.8,20.7,18.6,93,87,18.9,2.2,0.7,2
01/04/2020,ST,ShaTin,18.4,23.9,14.1,88,72,15.0,0.0,2,5
05/04/2020,ST,ShaTin,28.3,33.2,25.5,88,67,24.4,0.0,5,10
08/04/2020,HV,HappyValley,27.6,31.9,25.5,94,81,26.1,4.7,3,11
12/04/2020,ST,ShaTin,15.4,18.4,12.5,72,55,12.8,0.0,2,5
15/04/2020,HV,HappyValley,21.5,26.5,16.3,79,50,16.6,0.0,4,8
19/04/2020,ST,ShaTin,26.0,29.9,23.1,90,64,22.5,0.0,4,8
22/04/2020,HV,HappyValley,22.1,25.2,19.5,96,90,23.2,25.8,0.6,1
26/04/2020,ST,ShaTin,22.8,27.4,19.0,89,59,19.4,0.7,4,8
29/04/2020,HV,HappyValley,24.0,29.8,21.3,82,60,19.9,0.0,5,10
03/05/2020,ST,ShaTin,17.4,19.8,15.1,92,77,17.0,0.4,2,6
06/05/2020,HV,HappyValley,29.7,31.8,27.8,90,67,26.5,2.6,5,9
09/05/2020,ST,ShaTin,28.3,32.0,24.8,95,67,27.8,43.9,3,10
13/05/2020,HV,HappyValley,26.0,29.5,24.9,90,80,25.1,0.3,1,4
17/05/2020,ST,ShaTin,28.8,32.8,25.0,90,62,25.2,0.0,5,10
20/05/2020,HV,HappyValley,27.6,29.6,26.3,94,82,26.1,4.3,2,6
24/05/2020,ST,ShaTin,26.7,29.3,24.6,89,75,24.1,0.0,3,10
27/05/2020,ST,ShaTin,28.0,31.8,25.4,90,74,25.8,0.1,3,9
31/05/2020,ST,ShaTin,29.0,32.4,25.8,91,74,25.9,0.0,3,7
03/06/2020,HV,HappyValley,18.3,21.0,17.1,86,75,16.6,0.0,2,7
07/06/2020,ST,ShaTin,30.5,33.2,28.6,81,67,27.7,4.1,5,11
10/06/2020,HV,HappyValley,25.9,27.4,24.4,91,70,26.0,2.7,2,4
14/06/2020,ST,ShaTin,27.7,30.7,25.5,94,71,25.3,29.3,3,8
21/06/2020,ST,ShaTin,30.3,33.0,28.6,83,66,27.8,0.0,6,13
24/06/2020,HV,HappyValley,29.8,31.6,28.7,83,70,27.7,0.0,5,12
27/06/2020,ST,ShaTin,30.5,33.6,28.5,83,64,27.2,1.2,4,11
01/07/2020,ST,ShaTin,22.0,27.1,18.7,90,70,17.9,0.0,2,5
05/07/2020,ST,ShaTin,29.6,32.1,27.8,85,74,26.3,0.0,2,5
08/07/2020,HV,HappyValley,30.2,33.8,27.7,91,62,27.9,0.2,6,12
12/07/2020,ST,ShaTin,20.2,23.8,15.8,75,55,15.9,0.0,2,5
15/07/2020,HV,HappyValley,30.7,35.0,28.8,84,60,28.0,0.0,6,12
06/09/2020,ST,ShaTin,29.0,31.8,26.9,91,73,26.6,1.3,2,6
09/09/2020,HV,HappyValley,27.8,31.1,25.9,92,79,26.8,0.2,2,8
13/09/2020,ST,ShaTin,28.1,31.9,25.1,95,70,26.9,5.7,4,8
16/09/2020,HV,HappyValley,29.6,32.8,27.2,94,73,26.8,4.4,4,10
20/09/2020,ST,ShaTin,28.3,32.5,24.8,91,70,26.5,0.7,4,11
23/09/2020,HV,HappyValley,29.1,32.5,26.3,83,68,26.6,0.0,4,9
27/09/2020,ST,ShaTin,27.4,29.4,26.0,87,76,26.4,1.3,3,8
01/10/2020,ST,ShaTin,20.1,23.5,18.5,88,73,17.0,0.0,2,4
04/10/2020,ST,ShaTin,21.2,23.9,18.0,88,59,17.1,0.0,3,6
07/10/2020,HV,HappyValley,29.6,31.2,28.9,80,68,28.2,0.0,4,8
11/10/2020,ST,ShaTin,22.3,23.7,21.3,76,48,20.9,0.0,2,4
14/10/2020,HV,HappyValley,25.7,26.9,24.4,88,77,24.1,1.2,1,4
18/10/2020,ST,ShaTin,24.3,27.8,21.5,87,61,22.7,0.7,4,8
21/10/2020,HV,HappyValley,24.7,28.7,21.5,71,53,21.6,0.0,4,8
24/10/2020,ST,ShaTin,23.6,25.2,21.9,71,43,21.5,0.0,3,6
28/10/2020,HV,HappyValley,24.1,26.7,22.0,91,67,23.0,4.7,2,4
01/11/2020,ST,ShaTin,21.0,25.8,17.9,90,71,16.8,0.0,2,4
04/11/2020,ST,ShaTin,22.2,24.5,20.9,96,82,20.5,20.5,1,5
08/11/2020,HV,HappyValley,30.2,32.5,28.7,89,70,27.5,0.6,3,8
11/11/2020,HV,HappyValley,22.5,24.9,20.9,76,57,19.8,0.0,3,6
14/11/2020,ST,ShaTin,22.9,24.6,21.6,77,56,21.2,0.0,1,4
18/11/2020,HV,HappyValley,25.4,29.5,23.4,94,69,22.4,1.0,3,6
22/11/2020,ST,ShaTin,25.0,28.9,22.3,96,70,21.8,1.1,3,6
25/11/2020,HV,HappyValley,23.9,28.7,21.7,84,64,20.6,0.0,3,6
29/11/2020,ST,ShaTin,19.4,22.4,16.9,70,57,17.3,0.0,2,7
02/12/2020,HV,HappyValley,20.8,26.6,18.1,94,76,16.9,0.0,2,7
06/12/2020,ST,ShaTin,29.8,33.5,26.5,85,61,26.4,0.0,5,11
09/12/2020,HV,HappyValley,28.5,33.7,25.9,94,67,26.9,27.9,3,10
13/12/2020,ST,ShaTin,20.7,22.7,19.8,85,70,19.3,0.0,2,6
16/12/2020,HV,HappyValley,15.6,17.3,14.1,76,66,16.1,0.0,1,3
20/12/2020,ST,ShaTin,14.5,18.6,11.3,67,52,13.5,0.0,2,5
23/12/2020,HV,HappyValley,19.0,21.0,17.7,93,75,17.0,1.2,1,4
26/12/2020,ST,ShaTin,18.7,22.1,16.2,87,69,15.4,0.0,2,5
01/01/2021,ST,ShaTin,10.3,15.4,6.9,48,34,7.3,0.0,2,5
06/01/2021,HV,HappyValley,26.8,31.3,24.1,97,82,23.1,45.8,2,6
10/01/2021,ST,ShaTin,29.5,32.5,27.3,89,68,27.3,0.0,2,6
13/01/2021,HV,HappyValley,12.1,19.0,5.8,60,31,6.2,0.0,2,5
17/01/2021,ST,ShaTin,16.3,19.2,13.5,79,46,14.0,0.0,2,4
20/01/2021,HV,HappyValley,18.7,22.7,16.4,79,58,14.1,0.0,2,5
24/01/2021,ST,ShaTin,17.8,21.0,15.1,92,71,14.7,0.0,2,6
27/01/2021,HV,HappyValley,19.0,22.4,16.7,86,61,14.8,0.0,3,6
31/01/2021,ST,ShaTin,17.9,22.5,12.5,78,53,12.1,0.0,3,7
03/02/2021,HV,HappyValley,21.5,26.0,19.0,92,51,17.7,0.0,3,6
06/02/2021,ST,ShaTin,27.9,31.0,24.7,95,73,23.1,2.4,2,7
10/02/2021,HV,HappyValley,30.1,33.8,26.5,83,59,26.7,0.0,3,8
14/02/2021,ST,ShaTin,18.6,25.1,13.6,89,55,14.1,0.0,3,7
17/02/2021,HV,HappyValley,20.0,25.1,16.8,84,54,15.1,0.0,3,6
21/02/2021,ST,ShaTin,18.5,24.9,13.0,86,57,13.9,0.0,3,7
24/02/2021,HV,HappyValley,20.3,21.4,19.1,88,73,18.5,0.0,2,5
28/02/2021,ST,ShaTin,19.6,22.6,17.1,90,72,17.2,0.0,2,6
03/03/2021,HV,HappyValley,18.5,20.2,17.5,87,73,15.7,0.3,1,2
07/03/2021,ST,ShaTin,30.7,33.7,28.9,83,70,27.8,0.0,4,11
13/03/2021,ST,ShaTin,21.5,24.2,20.1,87,63,19.3,0.0,3,7
17/03/2021,HV,HappyValley,24.8,29.6,20.3,91,61,19.2,0.0,4,8
21/03/2021,ST,ShaTin,20.2,23.5,16.3,91,60,17.6,0.0,0.6,2
28/03/2021,ST,ShaTin,24.8,28.9,20.7,91,65,20.4,0.0,3,7
31/03/2021,ST,ShaTin,27.0,30.2,25.1,85,69,24.3,0.0,2,7
05/04/2021,ST,ShaTin,26.7,31.8,22.9,94,66,23.0,12.5,5,11
08/04/2021,HV,HappyValley,28.9,33.2,25.9,96,74,25.6,41.9,2,4
11/04/2021,ST,ShaTin,25.5,28.4,23.5,83,68,22.5,0.0,3,7
14/04/2021,HV,HappyValley,24.2,27.3,22.3,88,75,21.5,0.0,2,8
17/04/2021,ST,ShaTin,22.5,23.1,21.8,95,80,21.6,2.5,0.5,1
21/04/2021,HV,HappyValley,24.4,28.7,21.9,84,58,19.9,0.0,5,10
25/04/2021,ST,ShaTin,24.3,28.2,21.9,91,77,21.6,0.9,2,5
28/04/2021,HV,HappyValley,25.2,28.4,23.3,96,79,22.4,4.2,2,7
02/05/2021,ST,ShaTin,19.5,24.8,15.4,83,57,14.7,0.0,3,6
05/05/2021,HV,HappyValley,27.0,32.7,22.8,93,63,22.2,0.5,5,10
08/05/2021,ST,ShaTin,28.1,30.2,26.5,95,83,25.6,28.1,1,5
12/05/2021,ST,ShaTin,17.6,22.4,13.1,69,41,13.0,0.0,2,5
16/05/2021,ST,ShaTin,30.5,33.9,28.0,82,63,25.8,0.0,5,11
19/05/2021,HV,HappyValley,30.2,33.1,28.9,82,64,26.3,0.0,4,8
23/05/2021,ST,ShaTin,30.9,34.9,27.5,85,55,26.5,0.0,6,11
26/05/2021,HV,HappyValley,30.1,33.0,27.5,87,62,26.1,4.0,5,11
30/05/2021,ST,ShaTin,30.6,32.7,29.4,86,73,28.0,0.0,4,9
02/06/2021,HV,HappyValley,19.8,28.5,14.0,89,53,13.5,0.0,3,6
06/06/2021,ST,ShaTin,27.8,31.4,24.2,82,62,23.9,0.0,2,5
09/06/2021,HV,HappyValley,30.0,33.6,27.2,86,64,26.9,0.0,3,8
13/06/2021,ST,ShaTin,28.6,31.6,26.1,94,74,25.4,2.8,3,8
20/06/2021,ST,ShaTin,30.8,33.2,29.4,84,68,28.1,0.0,5,9
23/06/2021,HV,HappyValley,26.3,30.4,24.9,93,76,23.8,66.4,1,6
26/06/2021,ST,ShaTin,28.2,30.5,26.1,98,80,24.7,61.3,2,5
01/07/2021,ST,ShaTin,14.0,17.1,9.6,80,56,12.9,0.0,2,4
04/07/2021,ST,ShaTin,22.6,25.4,21.4,83,64,21.4,0.0,3,8
07/07/2021,HV,HappyValley,29.8,32.6,27.0,95,64,25.1,11.7,5,10
11/07/2021,ST,ShaTin,25.1,28.0,22.7,91,71,22.8,0.0,3,6
14/07/2021,HV,HappyValley,30.9,34.6,27.6,82,62,26.9,1.5,3,8
05/09/2021,ST,ShaTin,28.6,32.6,26.7,87,68,24.7,0.0,5,11
08/09/2021,HV,HappyValley,28.9,30.7,26.5,96,77,26.0,36.3,2,5
12/09/2021,ST,ShaTin,19.6,24.3,15.7,79,60,15.3,0.0,2,5
15/09/2021,HV,HappyValley,30.8,35.0,27.4,88,59,26.2,0.0,4,8
19/09/2021,ST,ShaTin,29.4,32.0,27.4,94,76,25.7,21.2,4,10
22/09/2021,HV,HappyValley,30.0,34.6,26.2,88,61,26.7,0.5,5,10
26/09/2021,ST,ShaTin,28.6,31.4,26.4,78,63,26.3,0.0,3,8
01/10/2021,ST,ShaTin,12.1,13.9,10.6,44,36,11.6,0.0,2,5
06/10/2021,HV,HappyValley,28.8,32.8,25.7,96,66,27.4,29.4,5,12
10/10/2021,ST,ShaTin,27.2,28.7,25.3,95,79,24.1,45.1,1,2
17/10/2021,ST,ShaTin,23.4,25.9,21.3,72,60,22.1,0.0,4,8
20/10/2021,HV,HappyValley,27.1,31.1,24.6,84,66,23.2,0.1,4,8
24/10/2021,ST,ShaTin,21.0,25.2,18.3,79,57,20.2,0.0,3,7
27/10/2021,ST,ShaTin,25.2,28.0,23.4,82,71,23.7,0.0,2,4
31/10/2021,HV,HappyValley,24.4,26.2,23.3,80,66,22.8,0.0,2,6
03/11/2021,HV,HappyValley,21.1,24.8,18.5,86,68,18.1,0.0,3,7
07/11/2021,ST,ShaTin,30.6,33.6,27.9,84,65,27.5,0.0,6,13
10/11/2021,HV,HappyValley,28.8,34.4,24.3,87,55,23.4,0.0,4,8
13/11/2021,ST,ShaTin,21.6,25.0,18.6,58,40,17.3,0.0,3,6
17/11/2021,HV,HappyValley,23.6,26.7,21.8,82,64,19.4,0.0,2,6
21/11/2021,ST,ShaTin,23.3,26.4,21.0,88,77,20.4,0.0,2,5
24/11/2021,HV,HappyValley,19.3,24.0,16.7,74,57,16.0,0.0,2,5
28/11/2021,ST,ShaTin,20.4,25.4,16.0,79,59,15.9,0.0,2,5
01/12/2021,HV,HappyValley,12.2,18.2,8.3,46,22,6.4,0.0,2,5
05/12/2021,ST,ShaTin,30.0,33.2,27.8,84,70,26.0,0.0,3,8
08/12/2021,HV,HappyValley,29.2,33.1,26.5,94,71,26.2,1.0,4,10
12/12/2021,ST,ShaTin,21.1,26.0,16.7,89,60,15.9,0.0,2,5
15/12/2021,HV,HappyValley,21.8,24.5,20.2,89,72,18.0,0.2,1,4
18/12/2021,ST,ShaTin,17.6,20.4,15.8,65,52,16.2,0.0,2,4
22/12/2021,HV,HappyValley,19.9,22.9,16.8,88,71,15.4,0.0,2,4
27/12/2021,ST,ShaTin,10.7,12.5,8.5,92,73,10.9,1.3,2,5
29/12/2021,ST,ShaTin,18.1,23.1,15.2,82,66,14.8,0.0,2,5
01/01/2022,ST,ShaTin,16.8,19.6,14.2,81,69,14.4,0.0,1,2
05/01/2022,HV,HappyValley,21.0,24.8,17.6,96,83,17.7,32.4,1,3
09/01/2022,ST,ShaTin,29.0,34.0,26.2,91,68,27.9,2.8,3,9
12/01/2022,HV,HappyValley,17.2,19.5,15.3,79,66,18.5,0.0,2,4
16/01/2022,ST,ShaTin,18.5,21.8,16.6,90,71,14.9,0.0,2,5
19/01/2022,HV,HappyValley,17.3,21.4,14.1,80,57,12.2,0.0,2,5
23/01/2022,ST,ShaTin,19.8,22.6,17.9,88,79,16.4,0.1,2,5
26/01/2022,HV,HappyValley,19.6,22.1,18.0,89,72,17.4,0.0,2,6
30/01/2022,ST,ShaTin,15.0,18.7,12.3,75,51,13.9,0.0,3,6
03/02/2022,ST,ShaTin,20.3,26.9,17.1,91,66,16.9,0.0,3,7
06/02/2022,HV,HappyValley,28.6,30.8,25.7,93,70,25.3,11.9,4,10
09/02/2022,HV,HappyValley,30.1,33.3,27.1,72,55,26.8,0.0,4,9
12/02/2022,ST,ShaTin,14.7,19.1,10.8,77,61,17.6,0.0,2,6
16/02/2022,HV,HappyValley,17.0,18.2,15.5,83,72,13.8,0.0,2,5
20/02/2022,ST,ShaTin,8.2,9.2,7.8,97,90,8.7,43.4,0.7,2
23/02/2022,HV,HappyValley,13.2,17.3,10.1,96,61,9.8,11.0,3,8
27/02/2022,ST,ShaTin,16.8,22.2,11.8,90,57,12.4,0.0,4,8
02/03/2022,HV,HappyValley,14.0,15.4,11.9,95,77,12.8,1.0,0.9,2
06/03/2022,ST,ShaTin,29.2,30.8,27.5,84,73,26.2,1.6,3,8
09/03/2022,HV,HappyValley,30.6,34.6,27.4,61,45,25.7,0.0,5,9
12/03/2022,ST,ShaTin,18.0,21.3,14.7,77,68,17.8,0.0,2,5
16/03/2022,HV,HappyValley,22.7,25.5,21.3,91,68,20.2,0.0,2,6
20/03/2022,ST,ShaTin,21.3,23.0,20.2,92,85,20.9,0.0,1,4
23/03/2022,HV,HappyValley,18.3,23.5,16.6,96,89,16.9,54.8,0.8,2
27/03/2022,ST,ShaTin,21.7,26.2,17.9,91,77,19.3,0.0,1,3
30/03/2022,ST,ShaTin,22.9,26.1,19.8,89,61,18.2,0.0,4,8
03/04/2022,ST,ShaTin,21.4,26.9,17.1,91,59,16.9,0.0,4,7
06/04/2022,HV,HappyValley,29.1,31.1,28.3,82,70,26.8,0.0,5,11
10/04/2022,ST,ShaTin,28.4,32.8,25.0,85,60,26.6,0.0,3,8
13/04/2022,HV,HappyValley,25.6,28.8,23.4,91,68,22.2,0.0,3,7
16/04/2022,ST,ShaTin,21.5,22.7,21.0,80,67,21.6,0.0,2,7
20/04/2022,HV,HappyValley,22.5,27.7,19.8,87,58,19.5,0.0,4,10
24/04/2022,ST,ShaTin,27.4,30.8,25.6,90,64,23.0,0.0,4,10
27/04/2022,HV,HappyValley,28.7,32.6,26.8,87,64,24.0,0.0,4,8
01/05/2022,ST,ShaTin,20.4,25.2,17.7,88,62,16.1,0.0,2,5
04/05/2022,ST,ShaTin,21.0,27.0,15.4,75,48,15.4,0.0,5,9
07/05/2022,ST,ShaTin,29.0,30.6,28.3,84,79,26.7,0.2,1,3
11/05/2022,HV,HappyValley,21.8,22.6,20.9,84,75,20.8,0.0,0.7,3
15/05/2022,ST,ShaTin,23.0,24.4,20.8,95,81,20.7,26.2,3,9
18/05/2022,HV,HappyValley,24.4,27.8,21.4,65,37,18.8,0.0,4,10
22/05/2022,ST,ShaTin,25.0,26.2,24.2,91,73,23.9,0.6,2,6
25/05/2022,HV,HappyValley,25.7,28.7,23.9,97,84,23.9,1.3,3,7
29/05/2022,ST,ShaTin,29.1,32.6,26.5,85,67,26.0,0.0,4,10
01/06/2022,HV,HappyValley,20.0,24.5,16.4,91,62,15.2,0.0,2,5
05/06/2022,ST,ShaTin,25.1,28.5,22.4,85,63,21.6,0.0,5,10
08/06/2022,HV,HappyValley,27.9,31.2,25.6,94,81,25.3,5.5,4,11
12/06/2022,ST,ShaTin,15.5,18.5,13.0,74,61,15.3,0.0,2,6
19/06/2022,ST,ShaTin,29.3,31.2,26.8,86,75,26.4,0.1,3,7
22/06/2022,HV,HappyValley,29.8,32.4,27.9,84,67,26.3,0.0,4,9
25/06/2022,ST,ShaTin,29.7,33.4,27.2,85,60,26.4,0.0,6,12
28/06/2022,HV,HappyValley,30.7,34.1,27.4,83,50,26.8,0.0,6,11
01/07/2022,ST,ShaTin,18.2,21.7,15.7,85,70,14.6,0.0,2,5
06/07/2022,HV,HappyValley,27.5,30.2,25.0,95,75,25.5,33.8,2,8
10/07/2022,ST,ShaTin,28.1,31.4,24.8,94,64,24.7,22.8,4,9
13/07/2022,HV,HappyValley,30.8,35.0,27.3,83,51,27.4,0.0,5,9
16/07/2022,ST,ShaTin,30.4,33.3,28.2,86,65,28.3,1.5,6,12
11/09/2022,ST,ShaTin,23.8,27.5,21.1,87,65,20.7,0.0,3,7
14/09/2022,HV,HappyValley,31.5,37.0,26.7,66,38,26.9,0.0,4,8
18/09/2022,ST,ShaTin,29.8,34.5,26.1,90,59,27.7,20.3,4,8
21/09/2022,HV,HappyValley,28.7,30.5,26.6,91,60,25.3,8.5,4,9
25/09/2022,ST,ShaTin,28.2,32.3,25.7,79,55,26.5,0.0,4,9
28/09/2022,HV,HappyValley,29.1,31.6,28.0,78,63,27.2,0.0,3,7
01/10/2022,ST,ShaTin,17.9,21.3,15.1,81,68,14.1,0.0,2,5
05/10/2022,HV,HappyValley,26.4,29.6,24.8,92,82,24.1,1.4,3,7
09/10/2022,ST,ShaTin,28.4,31.8,25.5,83,69,26.9,0.0,2,6
12/10/2022,HV,HappyValley,19.1,24.2,15.5,73,50,13.6,0.0,2,5
16/10/2022,ST,ShaTin,28.5,31.2,25.4,50,41,22.7,0.0,3,7
19/10/2022,HV,HappyValley,23.6,26.6,19.8,65,44,19.4,0.0,3,8
23/10/2022,ST,ShaTin,25.9,29.7,23.5,84,47,24.4,0.0,3,8
26/10/2022,ST,ShaTin,23.4,27.1,21.1,77,52,21.1,0.0,3,7
30/10/2022,HV,HappyValley,26.0,29.5,22.9,65,49,21.8,0.0,3,7
06/11/2022,ST,ShaTin,27.2,29.7,25.4,97,82,24.4,47.5,2,5
09/11/2022,HV,HappyValley,29.6,33.3,26.9,86,63,26.9,0.0,4,8
12/11/2022,ST,ShaTin,16.0,18.6,14.0,65,56,13.2,0.0,2,4
16/11/2022,HV,HappyValley,24.3,26.5,23.0,85,73,22.2,0.0,3,6
20/11/2022,ST,ShaTin,24.5,28.2,22.0,86,67,22.5,0.0,3,6
23/11/2022,HV,HappyValley,23.6,25.7,22.6,94,88,22.8,3.4,1,4
27/11/2022,ST,ShaTin,23.2,24.2,22.2,94,83,22.1,1.9,0.8,2
30/11/2022,HV,HappyValley,22.6,28.6,19.1,93,74,21.9,0.0,1,3
04/12/2022,ST,ShaTin,24.6,29.7,20.4,86,62,20.4,0.0,4,10
07/12/2022,HV,HappyValley,30.6,35.0,27.7,86,55,27.8,0.0,6,11
11/12/2022,ST,ShaTin,24.0,27.7,21.5,86,71,22.0,0.0,2,4
14/12/2022,HV,HappyValley,13.1,13.8,12.1,94,85,9.6,8.7,0.8,2
18/12/2022,ST,ShaTin,11.9,14.6,9.2,44,26,8.6,0.0,2,5
21/12/2022,HV,HappyValley,17.8,22.6,14.2,66,30,11.8,0.0,2,5
24/12/2022,ST,ShaTin,14.2,20.9,9.2,68,31,10.3,0.0,2,5
28/12/2022,HV,HappyValley,18.0,22.6,14.2,84,55,12.0,0.0,2,5
01/01/2023,ST,ShaTin,15.9,19.0,13.3,71,60,12.8,0.1,2,4
04/01/2023,HV,HappyValley,20.9,24.6,19.8,94,80,18.5,0.7,2,6
08/01/2023,ST,ShaTin,29.2,32.8,26.5,87,68,27.7,0.0,4,10
11/01/2023,HV,HappyValley,26.0,29.8,23.3,79,55,22.0,0.0,3,7
15/01/2023,ST,ShaTin,17.5,20.6,12.1,96,67,17.9,0.0,1,4
18/01/2023,HV,HappyValley,15.1,20.1,11.8,66,47,10.6,0.0,3,6
21/01/2023,ST,ShaTin,16.5,18.2,15.7,85,70,14.5,0.0,2,6
24/01/2023,ST,ShaTin,14.6,18.9,11.8,91,38,10.1,0.3,3,6
29/01/2023,ST,ShaTin,11.5,16.6,7.0,55,27,6.9,0.0,3,6
01/02/2023,HV,HappyValley,19.4,22.5,17.6,72,60,15.0,0.0,2,4
05/02/2023,ST,ShaTin,23.9,25.9,22.3,82,67,21.1,0.0,3,6
08/02/2023,HV,HappyValley,30.6,36.1,27.0,85,52,27.3,0.0,6,11
12/02/2023,ST,ShaTin,19.4,22.3,17.3,78,66,18.2,0.0,1,3
15/02/2023,HV,HappyValley,16.5,20.2,13.3,68,50,12.6,0.0,3,7
19/02/2023,ST,ShaTin,22.3,28.8,18.3,80,57,17.8,0.0,3,8
22/02/2023,HV,HappyValley,16.9,21.3,14.5,76,49,12.8,0.0,4,7
26/02/2023,ST,ShaTin,16.1,20.7,13.6,68,38,15.0,0.0,3,7
05/03/2023,ST,ShaTin,25.4,29.0,23.4,91,71,23.0,0.1,3,9
08/03/2023,HV,HappyValley,30.8,34.9,26.8,87,56,27.2,0.0,6,11
11/03/2023,ST,ShaTin,25.3,29.3,22.2,83,67,22.9,0.0,3,7
15/03/2023,HV,HappyValley,20.5,25.3,16.5,85,65,16.4,0.0,3,7
19/03/2023,ST,ShaTin,20.4,21.7,19.7,95,80,19.5,0.6,1,3
22/03/2023,HV,HappyValley,24.7,26.2,24.1,87,77,22.9,0.0,0.7,2
26/03/2023,ST,ShaTin,20.4,22.1,19.0,94,88,19.3,5.9,0.6,2
29/03/2023,ST,ShaTin,19.9,21.9,18.5,93,75,17.6,0.9,2,6
02/04/2023,ST,ShaTin,17.5,19.3,16.6,85,72,15.5,0.4,2,3
06/04/2023,HV,HappyValley,30.1,32.8,28.6,92,70,27.1,5.1,5,11
09/04/2023,ST,ShaTin,31.0,34.7,27.5,87,61,25.9,0.0,4,10
12/04/2023,HV,HappyValley,22.3,26.5,20.0,84,65,18.7,0.0,2,5
15/04/2023,ST,ShaTin,27.0,31.4,23.0,89,53,22.0,0.0,3,6
19/04/2023,HV,HappyValley,26.1,28.4,22.5,94,69,22.7,26.5,1,5
23/04/2023,ST,ShaTin,23.3,24.1,22.9,94,87,21.9,0.4,0.9,3
26/04/2023,HV,HappyValley,22.3,25.7,20.3,85,60,19.6,0.0,3,8
30/04/2023,ST,ShaTin,24.1,26.7,21.4,85,59,21.9,0.0,3,9
03/05/2023,HV,HappyValley,19.6,24.2,16.0,79,28,14.5,0.0,4,8
07/05/2023,ST,ShaTin,30.0,32.8,27.3,84,66,26.7,0.0,6,11
10/05/2023,ST,ShaTin,30.1,33.5,28.1,64,52,25.5,0.0,4,8
13/05/2023,ST,ShaTin,22.8,24.2,21.9,96,74,22.5,9.5,2,4
17/05/2023,HV,HappyValley,27.2,28.3,24.7,96,83,24.0,32.7,1,3
21/05/2023,ST,ShaTin,30.2,33.0,28.1,88,69,26.4,1.5,4,9
24/05/2023,HV,HappyValley,25.4,28.9,23.7,94,79,22.9,14.5,3,9
28/05/2023,ST,ShaTin,28.4,32.5,24.7,87,61,25.8,0.0,5,11
31/05/2023,HV,HappyValley,31.8,35.8,29.4,85,63,28.0,0.0,4,8
04/06/2023,ST,ShaTin,26.1,28.5,22.4,95,76,20.1,5.9,1,3
07/06/2023,HV,HappyValley,30.4,33.4,28.0,87,68,26.9,0.0,5,11
10/06/2023,ST,ShaTin,27.5,30.8,24.7,73,53,25.0,0.0,4,8
14/06/2023,HV,HappyValley,27.8,30.8,25.1,98,81,24.1,62.8,2,7
18/06/2023,ST,ShaTin,27.9,30.2,25.8,97,80,25.1,35.8,N/A,N/A
25/06/2023,ST,ShaTin,29.1,32.7,26.0,95,67,24.6,13.0,4,11
28/06/2023,HV,HappyValley,29.4,32.7,27.2,94,76,27.2,5.4,3,11
01/07/2023,ST,ShaTin,18.6,21.8,16.8,66,53,14.9,0.0,2,5
03/07/2023,ST,ShaTin,18.4,24.2,12.6,80,38,13.7,0.0,4,7
06/07/2023,HV,HappyValley,28.9,32.5,26.6,95,75,26.0,27.1,3,11
09/07/2023,ST,ShaTin,27.9,29.1,26.8,97,79,24.7,215.7,2,4
12/07/2023,HV,HappyValley,19.6,26.2,14.4,68,28,14.3,0.0,2,5
16/07/2023,ST,ShaTin,29.0,32.6,25.7,87,64,26.4,4.9,4,9
10/09/2023,ST,ShaTin,24.3,25.5,23.5,97,88,23.3,369.7,0.3,1
13/09/2023,HV,HappyValley,28.8,32.5,26.7,93,78,25.6,2.5,4,11
17/09/2023,ST,ShaTin,28.2,31.8,26.4,90,73,25.8,0.0,5,10
20/09/2023,HV,HappyValley,29.6,34.1,26.7,88,64,26.8,0.0,3,8
24/09/2023,ST,ShaTin,29.6,32.1,28.2,81,63,27.1,0.0,3,9
27/09/2023,HV,HappyValley,30.3,34.2,28.6,81,58,27.1,0.0,4,9
01/10/2023,ST,ShaTin,18.0,18.8,17.4,95,87,17.1,5.5,0.5,1
04/10/2023,HV,HappyValley,22.2,26.1,20.3,88,73,17.6,0.0,2,6
11/10/2023,HV,HappyValley,27.0,29.8,25.6,86,73,23.8,0.0,3,7
15/10/2023,ST,ShaTin,26.2,29.6,23.7,83,59,23.7,0.1,3,8
18/10/2023,HV,HappyValley,24.9,25.9,23.5,95,72,22.4,38.3,0.5,1
22/10/2023,ST,ShaTin,23.5,26.7,21.1,83,63,21.6,0.0,3,7
25/10/2023,ST,ShaTin,26.1,29.5,24.1,87,67,24.1,0.0,2,5
29/10/2023,HV,HappyValley,25.5,27.9,23.8,92,68,22.3,3.5,2,5
01/11/2023,HV,HappyValley,18.6,20.3,17.1,94,80,16.5,3.2,1,4
05/11/2023,ST,ShaTin,23.2,25.2,21.4,88,67,20.7,0.5,3,11
08/11/2023,HV,HappyValley,28.0,31.6,25.8,96,74,25.2,26.4,3,9
11/11/2023,ST,ShaTin,25.2,26.2,24.6,92,80,23.5,2.5,0.6,2
15/11/2023,HV,HappyValley,22.9,26.3,19.9,77,61,19.2,0.0,3,6
19/11/2023,ST,ShaTin,18.4,23.6,13.1,67,52,15.5,0.0,3,6
22/11/2023,HV,HappyValley,21.4,27.4,17.7,81,58,17.8,0.0,3,6
26/11/2023,ST,ShaTin,21.0,25.9,17.3,77,54,17.0,0.0,2,5
29/11/2023,HV,HappyValley,22.9,24.6,20.9,87,64,19.2,0.2,2,5
03/12/2023,ST,ShaTin,22.2,26.9,17.5,88,56,18.0,0.1,2,5
06/12/2023,HV,HappyValley,30.2,34.9,26.9,87,61,27.1,0.2,6,12
10/12/2023,ST,ShaTin,25.6,28.8,22.8,79,64,22.1,0.0,2,7
13/12/2023,HV,HappyValley,22.4,23.6,21.5,87,78,20.8,0.0,0.9,2
17/12/2023,ST,ShaTin,12.0,14.0,9.7,75,65,14.2,0.0,0.9,2
20/12/2023,HV,HappyValley,14.4,16.6,11.1,72,57,13.0,0.0,1,3
23/12/2023,ST,ShaTin,10.1,12.7,7.0,77,45,9.3,0.2,1,3
26/12/2023,ST,ShaTin,15.3,20.7,9.1,73,44,10.8,0.0,2,5
29/12/2023,HV,HappyValley,19.5,22.1,17.6,89,67,15.6,0.0,2,5
01/01/2024,ST,ShaTin,20.0,23.2,18.5,81,66,17.2,0.0,2,5
04/01/2024,HV,HappyValley,27.2,29.2,26.3,89,76,24.0,0.0,1,3
07/01/2024,ST,ShaTin,30.8,32.8,29.3,86,71,27.5,2.5,5,12
10/01/2024,HV,HappyValley,31.6,35.9,28.1,63,52,25.8,0.0,4,9
13/01/2024,ST,ShaTin,19.0,22.6,15.1,82,32,15.2,0.0,2,5
21/01/2024,ST,ShaTin,17.7,20.3,14.6,84,61,14.4,0.0,2,4
24/01/2024,ST,ShaTin,7.7,11.4,4.4,67,52,8.9,0.0,2,4
28/01/2024,ST,ShaTin,12.6,14.2,11.0,93,75,12.8,2.4,1,2
31/01/2024,HV,HappyValley,19.9,21.5,18.1,95,89,17.5,0.0,1,3
04/02/2024,ST,ShaTin,27.5,30.1,26.0,86,74,24.3,0.0,1,3
07/02/2024,HV,HappyValley,30.6,32.1,29.7,85,69,27.7,5.3,3,8
12/02/2024,ST,ShaTin,19.1,24.9,14.1,78,50,16.2,0.0,2,5
15/02/2024,HV,HappyValley,22.1,28.3,18.1,89,52,16.8,0.0,3,7
18/02/2024,ST,ShaTin,22.4,26.8,20.0,92,79,18.6,0.0,2,6
21/02/2024,HV,HappyValley,24.8,28.3,22.0,92,68,19.7,0.0,4,8
25/02/2024,ST,ShaTin,15.5,19.8,13.0,77,65,15.5,0.0,2,6
28/02/2024,HV,HappyValley,18.5,20.0,17.5,91,80,17.1,0.0,0.9,3
03/03/2024,ST,ShaTin,15.6,18.2,12.7,94,73,13.9,0.2,2,6
06/03/2024,HV,HappyValley,25.4,27.8,24.0,94,86,25.8,8.6,0.7,1
10/03/2024,ST,ShaTin,25.8,28.2,23.0,53,46,22.1,0.0,4,8
13/03/2024,HV,HappyValley,19.4,22.3,15.9,79,51,14.3,0.0,2,7
16/03/2024,ST,ShaTin,20.9,22.0,19.6,91,84,18.8,0.0,2,3
20/03/2024,HV,HappyValley,20.8,24.0,18.1,66,43,15.1,0.0,4,8
24/03/2024,ST,ShaTin,26.4,30.4,23.3,88,55,23.5,0.0,5,9
27/03/2024,HV,HappyValley,22.4,26.2,20.6,90,69,21.2,0.0,3,8
31/03/2024,ST,ShaTin,27.1,28.6,25.6,88,78,24.6,0.1,0.9,2
03/04/2024,ST,ShaTin,20.2,24.1,17.7,95,85,16.7,1.4,1,4
07/04/2024,ST,ShaTin,29.9,33.0,25.9,88,64,27.3,5.1,3,8
10/04/2024,HV,HappyValley,27.5,31.2,25.3,59,45,22.8,0.0,4,8
14/04/2024,ST,ShaTin,27.8,31.7,25.1,86,61,23.8,0.0,3,7
17/04/2024,HV,HappyValley,28.1,30.0,27.0,85,68,24.9,0.0,3,8
20/04/2024,ST,ShaTin,26.9,29.8,22.6,96,73,22.4,42.2,2,4
24/04/2024,HV,HappyValley,26.5,28.8,24.3,94,84,23.2,0.0,1,4
28/04/2024,ST,ShaTin,25.5,28.6,24.1,95,87,23.2,12.2,0.8,3
01/05/2024,HV,HappyValley,18.7,24.9,14.8,84,63,14.0,0.0,2,5
05/05/2024,ST,ShaTin,25.6,29.5,22.6,96,76,21.6,5.3,3,8
08/05/2024,HV,HappyValley,32.5,37.3,28.8,89,58,28.0,0.0,5,10
11/05/2024,ST,ShaTin,25.3,28.8,22.2,82,55,23.1,0.0,2,5
19/05/2024,ST,ShaTin,24.9,26.3,23.7,95,68,23.1,17.5,1,3
22/05/2024,HV,HappyValley,26.4,28.3,25.2,97,87,24.5,0.0,0.9,2
26/05/2024,ST,ShaTin,27.4,30.5,25.0,93,75,25.4,0.3,3,8
29/05/2024,ST,ShaTin,25.4,27.9,24.6,80,61,23.5,0.0,4,12
02/06/2024,ST,ShaTin,18.9,20.5,17.6,96,77,17.7,0.6,2,4
05/06/2024,HV,HappyValley,27.9,32.6,23.6,95,64,23.3,0.0,5,9
08/06/2024,ST,ShaTin,29.9,34.9,26.3,87,64,28.2,10.3,3,7
12/06/2024,HV,HappyValley,21.3,24.8,17.8,84,62,17.7,0.0,2,5
15/06/2024,ST,ShaTin,27.3,29.9,24.3,96,80,24.7,28.3,0.6,3
23/06/2024,ST,ShaTin,30.2,33.6,27.9,92,61,27.7,4.7,6,11
26/06/2024,HV,HappyValley,30.3,34.6,26.7,87,66,25.1,0.0,6,12
01/07/2024,ST,ShaTin,19.4,22.4,15.9,83,61,15.3,0.0,2,5
04/07/2024,HV,HappyValley,26.4,28.6,24.3,91,78,23.2,0.9,2,4
06/07/2024,ST,ShaTin,25.6,26.7,25.2,93,89,25.6,1.6,1,2
10/07/2024,HV,HappyValley,29.4,33.2,27.0,83,51,26.1,0.0,3,8
14/07/2024,ST,ShaTin,30.6,33.5,28.0,95,64,28.3,90.0,5,11
08/09/2024,ST,ShaTin,30.7,33.6,28.6,86,63,27.0,0.0,6,10
11/09/2024,HV,HappyValley,25.4,29.9,23.7,87,52,22.1,1.9,2,6
15/09/2024,ST,ShaTin,29.4,33.1,26.9,85,63,26.3,2.4,3,7
18/09/2024,HV,HappyValley,30.3,34.1,26.3,93,57,26.0,0.0,4,10
22/09/2024,ST,ShaTin,27.0,30.5,24.5,95,76,25.3,32.1,2,6
25/09/2024,HV,HappyValley,28.6,33.4,25.7,94,66,26.2,5.4,4,12
28/09/2024,ST,ShaTin,28.9,32.4,27.2,87,69,27.7,1.3,3,8
01/10/2024,ST,ShaTin,19.9,23.8,17.1,87,52,15.6,0.0,2,5
06/10/2024,ST,ShaTin,28.1,30.7,25.9,94,77,25.5,0.2,3,9
09/10/2024,HV,HappyValley,29.4,34.2,25.8,90,60,26.0,0.0,5,10
16/10/2024,HV,HappyValley,28.2,31.1,26.8,81,63,25.7,0.0,3,8
20/10/2024,ST,ShaTin,27.3,29.0,26.1,85,65,25.7,1.9,2,4
23/10/2024,ST,ShaTin,25.2,27.6,22.2,64,50,22.7,0.0,3,7
27/10/2024,HV,HappyValley,27.3,29.8,25.4,78,67,23.9,0.0,2,4
30/10/2024,HV,HappyValley,26.8,31.9,24.6,72,56,22.8,0.0,3,7
03/11/2024,ST,ShaTin,17.5,19.7,16.0,96,83,14.4,11.7,0.7,3
06/11/2024,HV,HappyValley,29.2,30.6,28.3,89,77,26.8,0.6,3,9
09/11/2024,ST,ShaTin,29.6,33.7,26.1,86,58,27.0,0.0,5,10
13/11/2024,HV,HappyValley,25.1,27.6,23.0,90,73,22.8,14.8,1,4
17/11/2024,ST,ShaTin,24.2,26.8,22.9,95,80,23.3,6.1,1,4
20/11/2024,HV,HappyValley,18.6,19.6,17.8,96,92,18.4,73.8,0.6,1
24/11/2024,ST,ShaTin,20.8,23.2,19.1,90,66,19.9,1.0,1,3
27/11/2024,HV,HappyValley,19.9,24.1,16.5,59,33,16.2,0.0,2,5
01/12/2024,ST,ShaTin,18.1,22.2,15.0,82,61,14.8,0.0,2,5
04/12/2024,HV,HappyValley,25.8,30.2,22.0,88,64,21.3,0.0,4,7
08/12/2024,ST,ShaTin,29.2,32.3,25.6,95,71,26.7,20.9,3,8
11/12/2024,HV,HappyValley,26.1,31.2,22.4,87,61,22.1,0.0,3,6
15/12/2024,ST,ShaTin,14.1,16.7,11.4,47,33,13.5,0.0,2,5
18/12/2024,ST,ShaTin,18.2,21.7,15.2,69,35,13.6,0.0,2,4
22/12/2024,ST,ShaTin,15.2,19.0,12.4,58,41,10.9,0.0,2,5
26/12/2024,HV,HappyValley,20.6,23.6,18.5,82,66,17.5,0.0,2,5
29/12/2024,ST,ShaTin,14.3,18.5,11.5,76,38,10.9,0.0,2,4
01/01/2025,ST,ShaTin,17.2,18.5,16.1,80,61,16.5,0.0,1,3
05/01/2025,ST,ShaTin,25.2,28.5,23.1,88,74,23.4,1.4,3,7
12/01/2025,ST,ShaTin,,,,,,,,,
15/01/2025,HV,HappyValley,19.8,24.5,16.5,74,31,13.2,0.0,2,5
19/01/2025,ST,ShaTin,15.0,22.9,8.4,78,34,11.2,0.0,2,5
22/01/2025,HV,HappyValley,18.8,22.1,17.4,84,53,14.9,1.0,2,6
26/01/2025,ST,ShaTin,14.7,17.1,11.7,85,54,12.1,0.2,0.5,2
31/01/2025,ST,ShaTin,18.1,20.9,16.5,93,48,14.1,1.2,2,6
05/02/2025,HV,HappyValley,27.4,32.9,23.7,92,50,23.4,0.0,5,10
09/02/2025,ST,ShaTin,,,,,,,,,
12/02/2025,ST,ShaTin,,,,,,,,,
16/02/2025,ST,ShaTin,20.9,27.3,15.4,92,63,16.0,0.0,3,6
19/02/2025,HV,HappyValley,17.3,19.3,16.2,80,68,16.3,0.0,2,4
23/02/2025,ST,ShaTin,16.1,18.6,14.2,86,63,15.2,0.0,2,5
26/02/2025,HV,HappyValley,18.1,22.0,16.0,86,66,15.8,0.3,2,6
02/03/2025,ST,ShaTin,15.0,17.4,12.3,93,56,13.0,0.1,2,6
05/03/2025,HV,HappyValley,26.7,30.2,24.6,87,71,24.1,0.0,3,9
09/03/2025,ST,ShaTin,,,,,,,,,
12/03/2025,HV,HappyValley,,,,,,,,,
15/03/2025,ST,ShaTin,21.2,25.5,18.5,96,76,20.5,12.6,3,8
19/03/2025,HV,HappyValley,17.7,23.5,13.2,67,39,13.5,0.0,4,8
23/03/2025,ST,ShaTin,19.7,27.4,12.6,83,39,15.9,0.0,4,8
26/03/2025,ST,ShaTin,23.7,26.9,20.1,88,66,19.6,0.0,3,8
30/03/2025,ST,ShaTin,12.1,13.2,11.3,92,75,15.1,2.2,1,4
02/04/2025,HV,HappyValley,14.4,19.2,12.1,70,46,12.1,0.0,3,6
06/04/2025,ST,ShaTin,,,,93,78,25.1,3.8,1,3
09/04/2025,HV,HappyValley,,,,,,,,,
13/04/2025,ST,ShaTin,21.1,23.9,17.8,45,23,17.8,0.0,3,6
16/04/2025,HV,HappyValley,23.4,27.4,19.4,84,62,18.7,0.0,5,9
20/04/2025,ST,ShaTin,27.1,30.6,24.8,89,64,24.4,0.0,5,11
23/04/2025,HV,HappyValley,27.5,30.2,26.4,85,65,24.1,0.0,5,10
27/04/2025,ST,ShaTin,22.0,23.3,20.9,95,89,21.5,0.8,1,4
30/04/2025,HV,HappyValley,25.4,29.6,22.5,86,63,21.9,0.0,4,8
04/05/2025,ST,ShaTin,18.4,19.5,17.9,96,82,18.7,7.3,0.4,1
07/05/2025,HV,HappyValley,,,,,,,,,
10/05/2025,ST,ShaTin,,,,,,,,,
14/05/2025,HV,HappyValley,27.3,31.2,24.9,85,64,24.2,0.0,5,10
18/05/2025,ST,ShaTin,28.8,32.9,25.8,87,61,26.2,0.0,5,12
21/05/2025,HV,HappyValley,29.9,32.4,28.4,83,66,26.3,0.0,3,8
25/05/2025,ST,ShaTin,24.9,26.0,23.9,71,57,23.1,0.0,2,5
28/05/2025,HV,HappyValley,26.2,28.2,25.2,89,70,24.0,0.0,2,5
31/05/2025,ST,ShaTin,24.8,25.9,23.9,90,77,23.3,0.0,1,3
04/06/2025,HV,HappyValley,20.7,24.2,18.4,87,63,17.6,0.0,1,5
08/06/2025,ST,ShaTin,,,,,,,,,
11/06/2025,HV,HappyValley,,,,,,,,,
14/06/2025,ST,ShaTin,,,,89,75,27.1,1.6,3,7
22/06/2025,ST,ShaTin,,,,,,,,,
